recv_time,book_timestamp,n_bids,n_asks,mid,spread,bid_px_0,bid_vol_0,bid_px_1,bid_vol_1,bid_px_2,bid_vol_2,bid_px_3,bid_vol_3,bid_px_4,bid_vol_4,bid_px_5,bid_vol_5,bid_px_6,bid_vol_6,bid_px_7,bid_vol_7,bid_px_8,bid_vol_8,bid_px_9,bid_vol_9,ask_px_0,ask_vol_0,ask_px_1,ask_vol_1,ask_px_2,ask_vol_2,ask_px_3,ask_vol_3,ask_px_4,ask_vol_4,ask_px_5,ask_vol_5,ask_px_6,ask_vol_6,ask_px_7,ask_vol_7,ask_px_8,ask_vol_8,ask_px_9,ask_vol_9
2026-07-02T14:27:09.574135+00:00,2026-07-02T14:27:09.562328,3,3,115.15,0.1,115.1,191,115.0,627,114.7,500,,,,,,,,,,,,,,,115.2,625,115.3,200,115.4,502,,,,,,,,,,,,,,
2026-07-02T14:27:10.095033+00:00,2026-07-02T14:27:10.064599,3,3,115.15,0.1,115.1,191,115.0,627,114.6,500,,,,,,,,,,,,,,,115.2,625,115.3,700,115.4,2,,,,,,,,,,,,,,
2026-07-02T14:27:10.263601+00:00,2026-07-02T14:27:10.180649,3,3,115.15,0.1,115.1,191,115.0,627,114.6,500,,,,,,,,,,,,,,,115.2,625,115.3,700,115.4,2,,,,,,,,,,,,,,
2026-07-02T14:27:10.621795+00:00,2026-07-02T14:27:10.621736,2,3,115.15,0.1,115.1,191,115.0,627,,,,,,,,,,,,,,,,,115.2,625,115.3,700,115.4,2,,,,,,,,,,,,,,
2026-07-02T14:27:10.627071+00:00,2026-07-02T14:27:10.627009,2,3,115.15,0.1,115.1,191,115.0,627,,,,,,,,,,,,,,,,,115.2,625,115.3,200,115.4,2,,,,,,,,,,,,,,
2026-07-02T14:27:10.637627+00:00,2026-07-02T14:27:10.637469,3,3,115.15,0.1,115.1,191,115.0,627,114.6,500,,,,,,,,,,,,,,,115.2,625,115.3,200,115.4,2,,,,,,,,,,,,,,
2026-07-02T14:27:10.642918+00:00,2026-07-02T14:27:10.642761,3,3,115.15,0.1,115.1,191,115.0,627,114.6,500,,,,,,,,,,,,,,,115.2,625,115.3,700,115.4,2,,,,,,,,,,,,,,
2026-07-02T14:27:10.668279+00:00,2026-07-02T14:27:10.665046,2,3,115.1,0.2,115.0,627,114.6,500,,,,,,,,,,,,,,,,,115.2,625,115.3,700,115.4,2,,,,,,,,,,,,,,
2026-07-02T14:27:10.679682+00:00,2026-07-02T14:27:10.679633,2,3,115.1,0.2,115.0,627,114.6,500,,,,,,,,,,,,,,,,,115.2,425,115.3,500,115.4,2,,,,,,,,,,,,,,
2026-07-02T14:27:10.689540+00:00,2026-07-02T14:27:10.679859,2,3,115.1,0.2,115.0,627,114.6,500,,,,,,,,,,,,,,,,,115.2,425,115.3,500,115.4,202,,,,,,,,,,,,,,
2026-07-02T14:27:11.233557+00:00,2026-07-02T14:27:11.228373,1,2,115.1,0.2,115.0,627,,,,,,,,,,,,,,,,,,,115.2,425,115.4,202,,,,,,,,,,,,,,,,
2026-07-02T14:27:11.244321+00:00,2026-07-02T14:27:11.244112,2,2,115.1,0.2,115.0,627,114.6,500,,,,,,,,,,,,,,,,,115.2,425,115.4,202,,,,,,,,,,,,,,,,
2026-07-02T14:27:11.249598+00:00,2026-07-02T14:27:11.249421,2,3,115.1,0.2,115.0,627,114.6,500,,,,,,,,,,,,,,,,,115.2,425,115.3,500,115.4,202,,,,,,,,,,,,,,
2026-07-02T14:27:11.489145+00:00,2026-07-02T14:27:11.489056,2,3,115.1,0.2,115.0,2,114.6,500,,,,,,,,,,,,,,,,,115.2,425,115.3,500,115.4,202,,,,,,,,,,,,,,
2026-07-02T14:27:11.494373+00:00,2026-07-02T14:27:11.494255,3,2,115.25,0.1,115.2,625,115.0,2,114.6,500,,,,,,,,,,,,,,,115.3,500,115.4,827,,,,,,,,,,,,,,,,
2026-07-02T14:27:11.744910+00:00,2026-07-02T14:27:11.744809,3,2,115.25,0.1,115.2,625,115.0,2,114.6,500,,,,,,,,,,,,,,,115.3,499,115.4,827,,,,,,,,,,,,,,,,
2026-07-02T14:27:11.828608+00:00,2026-07-02T14:27:11.828492,2,2,115.25,0.1,115.2,625,115.0,2,,,,,,,,,,,,,,,,,115.3,499,115.4,827,,,,,,,,,,,,,,,,
2026-07-02T14:27:11.833873+00:00,2026-07-02T14:27:11.833800,2,1,115.3,0.2,115.2,625,115.0,2,,,,,,,,,,,,,,,,,115.4,827,,,,,,,,,,,,,,,,,,
2026-07-02T14:27:11.839252+00:00,2026-07-02T14:27:11.839088,3,1,115.3,0.2,115.2,625,115.0,2,114.7,500,,,,,,,,,,,,,,,115.4,827,,,,,,,,,,,,,,,,,,
2026-07-02T14:27:11.858792+00:00,2026-07-02T14:27:11.858655,3,1,115.3,0.2,115.2,625,115.0,2,114.7,500,,,,,,,,,,,,,,,115.4,1327,,,,,,,,,,,,,,,,,,
2026-07-02T14:27:11.891708+00:00,2026-07-02T14:27:11.891597,3,1,115.3,0.2,115.2,625,115.0,2,114.7,500,,,,,,,,,,,,,,,115.4,1127,,,,,,,,,,,,,,,,,,
2026-07-02T14:27:11.896966+00:00,2026-07-02T14:27:11.896894,4,2,115.25,0.1,115.2,625,115.1,200,115.0,2,114.7,500,,,,,,,,,,,,,115.3,200,115.4,1127,,,,,,,,,,,,,,,,
2026-07-02T14:27:12.020881+00:00,2026-07-02T14:27:12.020795,4,2,115.25,0.1,115.2,625,115.1,200,115.0,2,114.7,500,,,,,,,,,,,,,115.3,180,115.4,1127,,,,,,,,,,,,,,,,
2026-07-02T14:27:12.427062+00:00,2026-07-02T14:27:12.426998,3,2,115.25,0.1,115.2,625,115.1,200,115.0,2,,,,,,,,,,,,,,,115.3,180,115.4,1127,,,,,,,,,,,,,,,,
2026-07-02T14:27:12.437561+00:00,2026-07-02T14:27:12.437421,3,2,115.25,0.1,115.2,625,115.1,200,115.0,2,,,,,,,,,,,,,,,115.3,180,115.4,627,,,,,,,,,,,,,,,,
2026-07-02T14:27:12.442841+00:00,2026-07-02T14:27:12.442683,4,2,115.25,0.1,115.2,625,115.1,200,115.0,2,114.7,500,,,,,,,,,,,,,115.3,180,115.4,627,,,,,,,,,,,,,,,,
2026-07-02T14:27:12.453226+00:00,2026-07-02T14:27:12.453136,4,2,115.25,0.1,115.2,625,115.1,200,115.0,2,114.7,500,,,,,,,,,,,,,115.3,180,115.4,1127,,,,,,,,,,,,,,,,
2026-07-02T14:27:12.800138+00:00,2026-07-02T14:27:12.800054,3,2,115.2,0.2,115.1,825,115.0,2,114.7,500,,,,,,,,,,,,,,,115.3,180,115.4,502,,,,,,,,,,,,,,,,
2026-07-02T14:27:12.805291+00:00,2026-07-02T14:27:12.805259,3,2,115.2,0.2,115.1,825,115.0,2,114.7,500,,,,,,,,,,,,,,,115.3,805,115.4,502,,,,,,,,,,,,,,,,
2026-07-02T14:27:12.946124+00:00,2026-07-02T14:27:12.945966,3,2,115.2,0.2,115.1,824,115.0,2,114.7,500,,,,,,,,,,,,,,,115.3,805,115.4,502,,,,,,,,,,,,,,,,
2026-07-02T14:27:13.031079+00:00,2026-07-02T14:27:13.030937,2,2,115.2,0.2,115.1,824,115.0,2,,,,,,,,,,,,,,,,,115.3,805,115.4,502,,,,,,,,,,,,,,,,
2026-07-02T14:27:13.041436+00:00,2026-07-02T14:27:13.041329,2,2,115.2,0.2,115.1,824,115.0,2,,,,,,,,,,,,,,,,,115.3,805,115.4,2,,,,,,,,,,,,,,,,
2026-07-02T14:27:13.046626+00:00,2026-07-02T14:27:13.046569,3,2,115.2,0.2,115.1,824,115.0,2,114.7,500,,,,,,,,,,,,,,,115.3,805,115.4,2,,,,,,,,,,,,,,,,
2026-07-02T14:27:13.058693+00:00,2026-07-02T14:27:13.056949,3,2,115.2,0.2,115.1,824,115.0,2,114.7,500,,,,,,,,,,,,,,,115.3,1305,115.4,2,,,,,,,,,,,,,,,,
2026-07-02T14:27:13.102958+00:00,2026-07-02T14:27:13.102847,3,2,115.2,0.2,115.1,625,115.0,2,114.7,500,,,,,,,,,,,,,,,115.3,1305,115.4,2,,,,,,,,,,,,,,,,
2026-07-02T14:27:13.107954+00:00,2026-07-02T14:27:13.108094,3,2,115.2,0.2,115.1,825,115.0,2,114.7,500,,,,,,,,,,,,,,,115.3,1125,115.4,2,,,,,,,,,,,,,,,,
2026-07-02T14:27:13.113408+00:00,2026-07-02T14:27:13.113263,3,2,115.2,0.2,115.1,825,115.0,2,114.7,500,,,,,,,,,,,,,,,115.3,1325,115.4,2,,,,,,,,,,,,,,,,
2026-07-02T14:27:13.637665+00:00,2026-07-02T14:27:13.637570,2,2,115.2,0.2,115.1,825,115.0,2,,,,,,,,,,,,,,,,,115.3,1325,115.4,2,,,,,,,,,,,,,,,,
2026-07-02T14:27:13.642995+00:00,2026-07-02T14:27:13.642870,2,2,115.2,0.2,115.1,825,115.0,2,,,,,,,,,,,,,,,,,115.3,825,115.4,2,,,,,,,,,,,,,,,,
2026-07-02T14:27:13.647946+00:00,2026-07-02T14:27:13.651701,3,2,115.2,0.2,115.1,825,115.0,2,114.8,500,,,,,,,,,,,,,,,115.3,825,115.4,502,,,,,,,,,,,,,,,,
2026-07-02T14:27:13.821114+00:00,2026-07-02T14:27:13.821054,3,2,115.2,0.2,115.1,805,115.0,2,114.8,500,,,,,,,,,,,,,,,115.3,825,115.4,502,,,,,,,,,,,,,,,,
2026-07-02T14:27:14.107204+00:00,2026-07-02T14:27:14.107126,3,2,115.2,0.2,115.1,200,115.0,2,114.8,500,,,,,,,,,,,,,,,115.3,825,115.4,502,,,,,,,,,,,,,,,,
2026-07-02T14:27:14.123302+00:00,2026-07-02T14:27:14.121983,3,3,115.05,0.1,115.0,2,114.9,625,114.8,500,,,,,,,,,,,,,,,115.1,386,115.3,200,115.4,502,,,,,,,,,,,,,,
2026-07-02T14:27:14.238939+00:00,2026-07-02T14:27:14.238839,2,3,115.05,0.1,115.0,2,114.9,625,,,,,,,,,,,,,,,,,115.1,386,115.3,200,115.4,502,,,,,,,,,,,,,,
2026-07-02T14:27:14.243982+00:00,2026-07-02T14:27:14.244129,2,3,115.05,0.1,115.0,2,114.9,625,,,,,,,,,,,,,,,,,115.1,386,115.3,200,115.4,2,,,,,,,,,,,,,,
2026-07-02T14:27:14.249459+00:00,2026-07-02T14:27:14.249404,3,3,115.05,0.1,115.0,2,114.9,625,114.8,500,,,,,,,,,,,,,,,115.1,386,115.3,200,115.4,2,,,,,,,,,,,,,,
2026-07-02T14:27:14.258606+00:00,2026-07-02T14:27:14.254702,3,4,115.05,0.1,115.0,2,114.9,625,114.8,500,,,,,,,,,,,,,,,115.1,386,115.3,200,115.4,2,115.5,500,,,,,,,,,,,,
2026-07-02T14:27:14.312144+00:00,2026-07-02T14:27:14.312092,3,3,115.05,0.1,115.0,2,114.9,625,114.8,500,,,,,,,,,,,,,,,115.1,386,115.4,2,115.5,500,,,,,,,,,,,,,,
2026-07-02T14:27:14.317478+00:00,2026-07-02T14:27:14.317349,3,4,115.05,0.1,115.0,202,114.9,625,114.8,500,,,,,,,,,,,,,,,115.1,386,115.2,200,115.4,2,115.5,500,,,,,,,,,,,,
2026-07-02T14:27:14.327873+00:00,2026-07-02T14:27:14.327812,3,4,115.05,0.1,115.0,202,114.9,625,114.8,500,,,,,,,,,,,,,,,115.1,361,115.2,200,115.4,2,115.5,500,,,,,,,,,,,,
2026-07-02T14:27:14.380246+00:00,2026-07-02T14:27:14.371335,3,4,115.05,0.1,115.0,202,114.9,625,114.8,500,,,,,,,,,,,,,,,115.1,341,115.2,200,115.4,2,115.5,500,,,,,,,,,,,,
2026-07-02T14:27:14.542377+00:00,2026-07-02T14:27:14.542269,3,4,115.05,0.1,115.0,202,114.9,625,114.8,500,,,,,,,,,,,,,,,115.1,316,115.2,200,115.4,2,115.5,500,,,,,,,,,,,,
2026-07-02T14:27:14.749250+00:00,2026-07-02T14:27:14.749198,3,4,115.05,0.1,115.0,202,114.9,625,114.8,500,,,,,,,,,,,,,,,115.1,291,115.2,200,115.4,2,115.5,500,,,,,,,,,,,,
2026-07-02T14:27:14.841916+00:00,2026-07-02T14:27:14.841691,2,4,115.05,0.1,115.0,202,114.9,625,,,,,,,,,,,,,,,,,115.1,291,115.2,200,115.4,2,115.5,500,,,,,,,,,,,,
2026-07-02T14:27:14.847186+00:00,2026-07-02T14:27:14.846997,2,3,115.05,0.1,115.0,202,114.9,625,,,,,,,,,,,,,,,,,115.1,291,115.2,200,115.4,2,,,,,,,,,,,,,,
2026-07-02T14:27:14.926330+00:00,2026-07-02T14:27:14.852851,2,4,115.05,0.1,115.0,202,114.9,1125,,,,,,,,,,,,,,,,,115.1,291,115.2,200,115.4,2,115.6,500,,,,,,,,,,,,
2026-07-02T14:27:15.418618+00:00,2026-07-02T14:27:15.418532,2,3,115.1,0.2,115.0,202,114.9,500,,,,,,,,,,,,,,,,,115.2,200,115.4,2,115.6,500,,,,,,,,,,,,,,
2026-07-02T14:27:15.433847+00:00,2026-07-02T14:27:15.432217,3,4,115.15,0.1,115.1,614,115.0,202,114.9,500,,,,,,,,,,,,,,,115.2,200,115.3,625,115.4,2,115.6,500,,,,,,,,,,,,
2026-07-02T14:27:15.471529+00:00,2026-07-02T14:27:15.471271,2,4,115.15,0.1,115.1,614,115.0,202,,,,,,,,,,,,,,,,,115.2,200,115.3,625,115.4,2,115.6,500,,,,,,,,,,,,
2026-07-02T14:27:15.476788+00:00,2026-07-02T14:27:15.476577,2,3,115.15,0.1,115.1,614,115.0,202,,,,,,,,,,,,,,,,,115.2,200,115.3,625,115.4,2,,,,,,,,,,,,,,
2026-07-02T14:27:15.481944+00:00,2026-07-02T14:27:15.481839,3,3,115.15,0.1,115.1,614,115.0,202,114.9,500,,,,,,,,,,,,,,,115.2,200,115.3,625,115.4,2,,,,,,,,,,,,,,
2026-07-02T14:27:15.487282+00:00,2026-07-02T14:27:15.487112,3,4,115.15,0.1,115.1,614,115.0,202,114.9,500,,,,,,,,,,,,,,,115.2,200,115.3,625,115.4,2,115.5,500,,,,,,,,,,,,
2026-07-02T14:27:15.558759+00:00,2026-07-02T14:27:15.519749,3,4,115.15,0.1,115.1,614,115.0,202,114.9,500,,,,,,,,,,,,,,,115.2,200,115.3,625,115.4,2,115.5,500,,,,,,,,,,,,
2026-07-02T14:27:16.068970+00:00,2026-07-02T14:27:16.068883,2,4,115.15,0.1,115.1,614,115.0,202,,,,,,,,,,,,,,,,,115.2,200,115.3,625,115.4,2,115.5,500,,,,,,,,,,,,
2026-07-02T14:27:16.079477+00:00,2026-07-02T14:27:16.079339,2,3,115.15,0.1,115.1,614,115.0,202,,,,,,,,,,,,,,,,,115.2,200,115.3,625,115.4,2,,,,,,,,,,,,,,
2026-07-02T14:27:16.084769+00:00,2026-07-02T14:27:16.084626,3,3,115.15,0.1,115.1,614,115.0,202,114.8,500,,,,,,,,,,,,,,,115.2,200,115.3,625,115.4,2,,,,,,,,,,,,,,
2026-07-02T14:27:16.095317+00:00,2026-07-02T14:27:16.095132,3,4,115.15,0.1,115.1,614,115.0,202,114.8,500,,,,,,,,,,,,,,,115.2,200,115.3,625,115.4,2,115.5,500,,,,,,,,,,,,
2026-07-02T14:27:16.670715+00:00,2026-07-02T14:27:16.670619,2,4,115.15,0.1,115.1,614,115.0,202,,,,,,,,,,,,,,,,,115.2,200,115.3,625,115.4,2,115.5,500,,,,,,,,,,,,
2026-07-02T14:27:16.681213+00:00,2026-07-02T14:27:16.681031,2,3,115.15,0.1,115.1,614,115.0,202,,,,,,,,,,,,,,,,,115.2,200,115.3,625,115.4,2,,,,,,,,,,,,,,
2026-07-02T14:27:16.686537+00:00,2026-07-02T14:27:16.686397,3,3,115.15,0.1,115.1,614,115.0,202,114.8,500,,,,,,,,,,,,,,,115.2,200,115.3,625,115.4,2,,,,,,,,,,,,,,
2026-07-02T14:27:16.691694+00:00,2026-07-02T14:27:16.691670,3,4,115.15,0.1,115.1,614,115.0,202,114.8,500,,,,,,,,,,,,,,,115.2,200,115.3,625,115.4,2,115.5,500,,,,,,,,,,,,
2026-07-02T14:27:16.727830+00:00,2026-07-02T14:27:16.727779,2,3,115.1,0.2,115.0,2,114.8,500,,,,,,,,,,,,,,,,,115.2,200,115.4,2,115.5,500,,,,,,,,,,,,,,
2026-07-02T14:27:16.733081+00:00,2026-07-02T14:27:16.732952,2,2,115.2,0.4,115.0,2,114.8,500,,,,,,,,,,,,,,,,,115.4,2,115.5,500,,,,,,,,,,,,,,,,
2026-07-02T14:27:16.738289+00:00,2026-07-02T14:27:16.738217,3,3,115.1,0.2,115.0,202,114.9,625,114.8,500,,,,,,,,,,,,,,,115.2,200,115.4,2,115.5,500,,,,,,,,,,,,,,
2026-07-02T14:27:16.743400+00:00,2026-07-02T14:27:16.743375,3,4,115.05,0.1,115.0,202,114.9,625,114.8,500,,,,,,,,,,,,,,,115.1,625,115.2,200,115.4,2,115.5,500,,,,,,,,,,,,
2026-07-02T14:27:17.233729+00:00,2026-07-02T14:27:17.233674,3,4,115.05,0.1,115.0,182,114.9,625,114.8,500,,,,,,,,,,,,,,,115.1,625,115.2,200,115.4,2,115.5,500,,,,,,,,,,,,
2026-07-02T14:27:17.278299+00:00,2026-07-02T14:27:17.278130,2,4,115.05,0.1,115.0,182,114.9,625,,,,,,,,,,,,,,,,,115.1,625,115.2,200,115.4,2,115.5,500,,,,,,,,,,,,
2026-07-02T14:27:17.283574+00:00,2026-07-02T14:27:17.283420,2,3,115.05,0.1,115.0,182,114.9,625,,,,,,,,,,,,,,,,,115.1,625,115.2,200,115.4,2,,,,,,,,,,,,,,
2026-07-02T14:27:17.288784+00:00,2026-07-02T14:27:17.288670,2,3,115.05,0.1,115.0,182,114.9,1125,,,,,,,,,,,,,,,,,115.1,625,115.2,200,115.4,2,,,,,,,,,,,,,,
2026-07-02T14:27:17.294192+00:00,2026-07-02T14:27:17.293969,2,4,115.05,0.1,115.0,182,114.9,1125,,,,,,,,,,,,,,,,,115.1,625,115.2,200,115.4,2,115.5,500,,,,,,,,,,,,
2026-07-02T14:27:17.881459+00:00,2026-07-02T14:27:17.881280,2,4,115.05,0.1,115.0,182,114.9,625,,,,,,,,,,,,,,,,,115.1,625,115.2,200,115.4,2,115.5,500,,,,,,,,,,,,
2026-07-02T14:27:17.886874+00:00,2026-07-02T14:27:17.886653,2,3,115.05,0.1,115.0,182,114.9,625,,,,,,,,,,,,,,,,,115.1,625,115.2,200,115.4,2,,,,,,,,,,,,,,
2026-07-02T14:27:17.892233+00:00,2026-07-02T14:27:17.892029,2,3,115.05,0.1,115.0,682,114.9,625,,,,,,,,,,,,,,,,,115.1,625,115.2,200,115.4,2,,,,,,,,,,,,,,
2026-07-02T14:27:17.897368+00:00,2026-07-02T14:27:17.897321,2,4,115.05,0.1,115.0,682,114.9,625,,,,,,,,,,,,,,,,,115.1,625,115.2,200,115.4,2,115.7,500,,,,,,,,,,,,
2026-07-02T14:27:17.942641+00:00,2026-07-02T14:27:17.942537,2,3,115.05,0.1,115.0,500,114.9,625,,,,,,,,,,,,,,,,,115.1,625,115.4,2,115.7,500,,,,,,,,,,,,,,
2026-07-02T14:27:17.947875+00:00,2026-07-02T14:27:17.947772,2,3,115.05,0.1,115.0,500,114.9,825,,,,,,,,,,,,,,,,,115.1,825,115.4,2,115.7,500,,,,,,,,,,,,,,
2026-07-02T14:27:17.952851+00:00,2026-07-02T14:27:17.952990,2,3,115.05,0.1,115.0,500,114.9,825,,,,,,,,,,,,,,,,,115.1,824,115.4,2,115.7,500,,,,,,,,,,,,,,
2026-07-02T14:27:18.013730+00:00,2026-07-02T14:27:18.013894,2,3,115.05,0.1,115.0,509,114.9,825,,,,,,,,,,,,,,,,,115.1,824,115.4,2,115.7,500,,,,,,,,,,,,,,
2026-07-02T14:27:18.046772+00:00,2026-07-02T14:27:18.046683,3,3,115.05,0.1,115.0,509,114.9,200,114.8,625,,,,,,,,,,,,,,,115.1,200,115.4,2,115.7,500,,,,,,,,,,,,,,
2026-07-02T14:27:18.051992+00:00,2026-07-02T14:27:18.051927,2,4,114.95,0.1,114.9,200,114.8,625,,,,,,,,,,,,,,,,,115.0,116,115.1,200,115.4,2,115.7,500,,,,,,,,,,,,
2026-07-02T14:27:18.119881+00:00,2026-07-02T14:27:18.119782,2,4,114.95,0.1,114.9,208,114.8,625,,,,,,,,,,,,,,,,,115.0,116,115.1,200,115.4,2,115.7,500,,,,,,,,,,,,
2026-07-02T14:27:18.158550+00:00,2026-07-02T14:27:18.151337,2,4,114.95,0.1,114.9,207,114.8,625,,,,,,,,,,,,,,,,,115.0,116,115.1,200,115.4,2,115.7,500,,,,,,,,,,,,
2026-07-02T14:27:18.483003+00:00,2026-07-02T14:27:18.482931,2,3,114.95,0.1,114.9,207,114.8,625,,,,,,,,,,,,,,,,,115.0,116,115.1,200,115.4,2,,,,,,,,,,,,,,
2026-07-02T14:27:18.488341+00:00,2026-07-02T14:27:18.488250,2,3,114.95,0.1,114.9,707,114.8,625,,,,,,,,,,,,,,,,,115.0,116,115.1,200,115.4,2,,,,,,,,,,,,,,
2026-07-02T14:27:18.498844+00:00,2026-07-02T14:27:18.498698,2,4,114.95,0.1,114.9,707,114.8,625,,,,,,,,,,,,,,,,,115.0,116,115.1,200,115.4,2,115.6,500,,,,,,,,,,,,
2026-07-02T14:27:19.088010+00:00,2026-07-02T14:27:19.087799,2,4,114.95,0.1,114.9,207,114.8,625,,,,,,,,,,,,,,,,,115.0,116,115.1,200,115.4,2,115.6,500,,,,,,,,,,,,
2026-07-02T14:27:19.093181+00:00,2026-07-02T14:27:19.093084,2,3,114.95,0.1,114.9,207,114.8,625,,,,,,,,,,,,,,,,,115.0,116,115.1,200,115.4,2,,,,,,,,,,,,,,
2026-07-02T14:27:19.103749+00:00,2026-07-02T14:27:19.103518,2,3,114.95,0.1,114.9,707,114.8,625,,,,,,,,,,,,,,,,,115.0,116,115.1,200,115.4,2,,,,,,,,,,,,,,
2026-07-02T14:27:19.108874+00:00,2026-07-02T14:27:19.108810,2,4,114.95,0.1,114.9,707,114.8,625,,,,,,,,,,,,,,,,,115.0,116,115.1,200,115.4,2,115.5,500,,,,,,,,,,,,
2026-07-02T14:27:19.152437+00:00,2026-07-02T14:27:19.152362,2,4,114.95,0.1,114.9,508,114.8,625,,,,,,,,,,,,,,,,,115.0,116,115.1,200,115.4,2,115.5,500,,,,,,,,,,,,
2026-07-02T14:27:19.158661+00:00,2026-07-02T14:27:19.157718,3,3,115.1,0.2,115.0,84,114.9,508,114.8,625,,,,,,,,,,,,,,,115.2,200,115.4,2,115.5,500,,,,,,,,,,,,,,
2026-07-02T14:27:19.356660+00:00,2026-07-02T14:27:19.356911,3,4,115.15,0.1,115.1,625,115.0,84,114.9,508,,,,,,,,,,,,,,,115.2,200,115.3,625,115.4,2,115.5,500,,,,,,,,,,,,
2026-07-02T14:27:19.368021+00:00,2026-07-02T14:27:19.366633,3,4,115.15,0.1,115.1,622,115.0,84,114.9,508,,,,,,,,,,,,,,,115.2,200,115.3,625,115.4,2,115.5,500,,,,,,,,,,,,
2026-07-02T14:27:19.692382+00:00,2026-07-02T14:27:19.692217,3,4,115.15,0.1,115.1,622,115.0,84,114.9,8,,,,,,,,,,,,,,,115.2,200,115.3,625,115.4,2,115.5,500,,,,,,,,,,,,
2026-07-02T14:27:19.697828+00:00,2026-07-02T14:27:19.697544,3,3,115.15,0.1,115.1,622,115.0,84,114.9,8,,,,,,,,,,,,,,,115.2,200,115.3,625,115.4,2,,,,,,,,,,,,,,
2026-07-02T14:27:19.708125+00:00,2026-07-02T14:27:19.707976,4,3,115.15,0.1,115.1,622,115.0,84,114.9,8,114.8,500,,,,,,,,,,,,,115.2,200,115.3,625,115.4,2,,,,,,,,,,,,,,
2026-07-02T14:27:19.713496+00:00,2026-07-02T14:27:19.713268,4,4,115.15,0.1,115.1,622,115.0,84,114.9,8,114.8,500,,,,,,,,,,,,,115.2,200,115.3,625,115.4,2,115.5,500,,,,,,,,,,,,
2026-07-02T14:27:20.293077+00:00,2026-07-02T14:27:20.292813,3,4,115.15,0.1,115.1,622,115.0,84,114.9,8,,,,,,,,,,,,,,,115.2,200,115.3,625,115.4,2,115.5,500,,,,,,,,,,,,
2026-07-02T14:27:20.298302+00:00,2026-07-02T14:27:20.298106,3,3,115.15,0.1,115.1,622,115.0,84,114.9,8,,,,,,,,,,,,,,,115.2,200,115.3,625,115.4,2,,,,,,,,,,,,,,
2026-07-02T14:27:20.303272+00:00,2026-07-02T14:27:20.303394,3,3,115.15,0.1,115.1,622,115.0,84,114.9,508,,,,,,,,,,,,,,,115.2,200,115.3,625,115.4,2,,,,,,,,,,,,,,
2026-07-02T14:27:20.308758+00:00,2026-07-02T14:27:20.308666,3,4,115.15,0.1,115.1,622,115.0,84,114.9,508,,,,,,,,,,,,,,,115.2,200,115.3,625,115.4,2,115.5,500,,,,,,,,,,,,
2026-07-02T14:27:20.369422+00:00,2026-07-02T14:27:20.369378,2,3,115.2,0.2,115.1,622,114.9,708,,,,,,,,,,,,,,,,,115.3,625,115.4,2,115.5,500,,,,,,,,,,,,,,
2026-07-02T14:27:20.374748+00:00,2026-07-02T14:27:20.374660,2,3,115.2,0.2,115.1,422,114.9,708,,,,,,,,,,,,,,,,,115.3,625,115.4,2,115.5,500,,,,,,,,,,,,,,
2026-07-02T14:27:20.664046+00:00,2026-07-02T14:27:20.663977,2,2,115.2,0.4,115.0,625,114.9,708,,,,,,,,,,,,,,,,,115.4,2,115.5,500,,,,,,,,,,,,,,,,
2026-07-02T14:27:20.669290+00:00,2026-07-02T14:27:20.669173,2,3,115.1,0.2,115.0,625,114.9,708,,,,,,,,,,,,,,,,,115.2,625,115.4,2,115.5,500,,,,,,,,,,,,,,
2026-07-02T14:27:20.891896+00:00,2026-07-02T14:27:20.891791,2,3,115.1,0.2,115.0,625,114.9,208,,,,,,,,,,,,,,,,,115.2,625,115.4,2,115.5,500,,,,,,,,,,,,,,
2026-07-02T14:27:20.902439+00:00,2026-07-02T14:27:20.902206,2,2,115.1,0.2,115.0,625,114.9,208,,,,,,,,,,,,,,,,,115.2,625,115.4,2,,,,,,,,,,,,,,,,
2026-07-02T14:27:20.907581+00:00,2026-07-02T14:27:20.907492,3,2,115.1,0.2,115.0,625,114.9,208,114.8,500,,,,,,,,,,,,,,,115.2,625,115.4,2,,,,,,,,,,,,,,,,
2026-07-02T14:27:20.912871+00:00,2026-07-02T14:27:20.912780,3,3,115.1,0.2,115.0,625,114.9,208,114.8,500,,,,,,,,,,,,,,,115.2,625,115.4,2,115.5,500,,,,,,,,,,,,,,
2026-07-02T14:27:21.526729+00:00,2026-07-02T14:27:21.526575,2,3,115.1,0.2,115.0,625,114.9,208,,,,,,,,,,,,,,,,,115.2,625,115.4,2,115.5,500,,,,,,,,,,,,,,
2026-07-02T14:27:21.531952+00:00,2026-07-02T14:27:21.531872,2,2,115.1,0.2,115.0,625,114.9,208,,,,,,,,,,,,,,,,,115.2,625,115.4,2,,,,,,,,,,,,,,,,
2026-07-02T14:27:21.542394+00:00,2026-07-02T14:27:21.542283,3,2,115.1,0.2,115.0,625,114.9,208,114.8,500,,,,,,,,,,,,,,,115.2,625,115.4,2,,,,,,,,,,,,,,,,
2026-07-02T14:27:21.552910+00:00,2026-07-02T14:27:21.552725,3,3,115.1,0.2,115.0,625,114.9,208,114.8,500,,,,,,,,,,,,,,,115.2,625,115.4,2,115.5,500,,,,,,,,,,,,,,
2026-07-02T14:27:21.580240+00:00,2026-07-02T14:27:21.580106,3,3,115.1,0.2,115.0,625,114.9,208,114.8,500,,,,,,,,,,,,,,,115.2,625,115.4,2,115.5,500,,,,,,,,,,,,,,
2026-07-02T14:27:21.585384+00:00,2026-07-02T14:27:21.585297,3,4,115.05,0.1,115.0,625,114.9,208,114.8,500,,,,,,,,,,,,,,,115.1,200,115.2,625,115.4,2,115.5,500,,,,,,,,,,,,
2026-07-02T14:27:21.972959+00:00,2026-07-02T14:27:21.972873,2,3,115.0,0.2,114.9,833,114.8,500,,,,,,,,,,,,,,,,,115.1,825,115.4,2,115.5,500,,,,,,,,,,,,,,
2026-07-02T14:27:22.128942+00:00,2026-07-02T14:27:22.128730,1,3,115.0,0.2,114.9,833,,,,,,,,,,,,,,,,,,,115.1,825,115.4,2,115.5,500,,,,,,,,,,,,,,
2026-07-02T14:27:22.134240+00:00,2026-07-02T14:27:22.134054,1,2,115.0,0.2,114.9,833,,,,,,,,,,,,,,,,,,,115.1,825,115.4,2,,,,,,,,,,,,,,,,
2026-07-02T14:27:22.139433+00:00,2026-07-02T14:27:22.139362,2,2,115.0,0.2,114.9,833,114.8,500,,,,,,,,,,,,,,,,,115.1,825,115.4,2,,,,,,,,,,,,,,,,
2026-07-02T14:27:22.149716+00:00,2026-07-02T14:27:22.149817,2,3,115.0,0.2,114.9,833,114.8,500,,,,,,,,,,,,,,,,,115.1,825,115.4,2,115.5,500,,,,,,,,,,,,,,
2026-07-02T14:27:22.158658+00:00,2026-07-02T14:27:22.155247,2,3,115.0,0.2,114.9,833,114.8,500,,,,,,,,,,,,,,,,,115.1,824,115.4,2,115.5,500,,,,,,,,,,,,,,
2026-07-02T14:27:22.547072+00:00,2026-07-02T14:27:22.547036,2,3,115.0,0.2,114.9,833,114.8,500,,,,,,,,,,,,,,,,,115.1,824,115.4,1,115.5,500,,,,,,,,,,,,,,
2026-07-02T14:27:22.734653+00:00,2026-07-02T14:27:22.734500,1,3,115.0,0.2,114.9,833,,,,,,,,,,,,,,,,,,,115.1,824,115.4,1,115.5,500,,,,,,,,,,,,,,
2026-07-02T14:27:22.740009+00:00,2026-07-02T14:27:22.739830,1,2,115.0,0.2,114.9,833,,,,,,,,,,,,,,,,,,,115.1,824,115.4,1,,,,,,,,,,,,,,,,
2026-07-02T14:27:22.750400+00:00,2026-07-02T14:27:22.750264,2,2,115.0,0.2,114.9,833,114.8,500,,,,,,,,,,,,,,,,,115.1,824,115.4,1,,,,,,,,,,,,,,,,
2026-07-02T14:27:22.758754+00:00,2026-07-02T14:27:22.755569,2,3,115.0,0.2,114.9,833,114.8,500,,,,,,,,,,,,,,,,,115.1,824,115.4,1,115.5,500,,,,,,,,,,,,,,
2026-07-02T14:27:22.788595+00:00,2026-07-02T14:27:22.788543,2,3,115.0,0.2,114.9,633,114.8,500,,,,,,,,,,,,,,,,,115.1,625,115.4,1,115.5,500,,,,,,,,,,,,,,
2026-07-02T14:27:22.794014+00:00,2026-07-02T14:27:22.793808,3,3,115.05,0.1,115.0,200,114.9,633,114.8,500,,,,,,,,,,,,,,,115.1,625,115.4,1,115.5,500,,,,,,,,,,,,,,
2026-07-02T14:27:22.799253+00:00,2026-07-02T14:27:22.799123,3,4,115.05,0.1,115.0,200,114.9,633,114.8,500,,,,,,,,,,,,,,,115.1,625,115.2,200,115.4,1,115.5,500,,,,,,,,,,,,
2026-07-02T14:27:22.817912+00:00,2026-07-02T14:27:22.817882,3,3,115.05,0.1,115.0,200,114.9,633,114.8,500,,,,,,,,,,,,,,,115.1,625,115.2,200,115.5,500,,,,,,,,,,,,,,
2026-07-02T14:27:23.081228+00:00,2026-07-02T14:27:23.081128,3,3,115.05,0.1,115.0,200,114.9,633,114.8,500,,,,,,,,,,,,,,,115.1,625,115.2,201,115.5,500,,,,,,,,,,,,,,
2026-07-02T14:27:23.155119+00:00,2026-07-02T14:27:23.155377,3,3,115.05,0.1,115.0,200,114.9,633,114.8,500,,,,,,,,,,,,,,,115.1,625,115.2,200,115.5,500,,,,,,,,,,,,,,
2026-07-02T14:27:23.280248+00:00,2026-07-02T14:27:23.280129,3,3,115.05,0.1,115.0,200,114.9,8,114.8,1125,,,,,,,,,,,,,,,115.1,625,115.2,200,115.5,500,,,,,,,,,,,,,,
2026-07-02T14:27:23.333727+00:00,2026-07-02T14:27:23.333534,3,3,115.05,0.1,115.0,200,114.9,8,114.8,625,,,,,,,,,,,,,,,115.1,625,115.2,200,115.5,500,,,,,,,,,,,,,,
2026-07-02T14:27:23.338986+00:00,2026-07-02T14:27:23.338853,3,2,115.05,0.1,115.0,200,114.9,8,114.8,625,,,,,,,,,,,,,,,115.1,625,115.2,200,,,,,,,,,,,,,,,,
2026-07-02T14:27:23.344312+00:00,2026-07-02T14:27:23.344149,3,2,115.05,0.1,115.0,200,114.9,8,114.8,1125,,,,,,,,,,,,,,,115.1,625,115.2,200,,,,,,,,,,,,,,,,
2026-07-02T14:27:23.349493+00:00,2026-07-02T14:27:23.349448,3,3,115.05,0.1,115.0,200,114.9,8,114.8,1125,,,,,,,,,,,,,,,115.1,625,115.2,200,115.5,500,,,,,,,,,,,,,,
2026-07-02T14:27:23.738111+00:00,2026-07-02T14:27:23.737892,3,3,115.05,0.1,115.0,200,114.9,8,114.8,1125,,,,,,,,,,,,,,,115.1,625,115.2,201,115.5,500,,,,,,,,,,,,,,
2026-07-02T14:27:23.787577+00:00,2026-07-02T14:27:23.787491,3,3,115.05,0.1,115.0,200,114.9,8,114.8,1125,,,,,,,,,,,,,,,115.1,625,115.2,200,115.5,500,,,,,,,,,,,,,,
2026-07-02T14:27:23.936844+00:00,2026-07-02T14:27:23.936648,3,3,115.05,0.1,115.0,200,114.9,8,114.8,625,,,,,,,,,,,,,,,115.1,625,115.2,200,115.5,500,,,,,,,,,,,,,,
2026-07-02T14:27:23.942025+00:00,2026-07-02T14:27:23.941960,3,2,115.05,0.1,115.0,200,114.9,8,114.8,625,,,,,,,,,,,,,,,115.1,625,115.2,200,,,,,,,,,,,,,,,,
2026-07-02T14:27:23.947325+00:00,2026-07-02T14:27:23.947253,3,2,115.05,0.1,115.0,200,114.9,8,114.8,1125,,,,,,,,,,,,,,,115.1,625,115.2,200,,,,,,,,,,,,,,,,
2026-07-02T14:27:23.958570+00:00,2026-07-02T14:27:23.952578,3,3,115.05,0.1,115.0,200,114.9,8,114.8,1125,,,,,,,,,,,,,,,115.1,625,115.2,200,115.5,500,,,,,,,,,,,,,,
2026-07-02T14:27:23.997921+00:00,2026-07-02T14:27:23.997786,2,3,115.0,0.2,114.9,8,114.8,1125,,,,,,,,,,,,,,,,,115.1,625,115.2,200,115.5,500,,,,,,,,,,,,,,
2026-07-02T14:27:24.003111+00:00,2026-07-02T14:27:24.003042,3,2,115.05,0.1,115.0,200,114.9,8,114.8,1125,,,,,,,,,,,,,,,115.1,625,115.5,500,,,,,,,,,,,,,,,,
2026-07-02T14:27:24.008369+00:00,2026-07-02T14:27:24.008329,3,3,115.05,0.1,115.0,200,114.9,8,114.8,1125,,,,,,,,,,,,,,,115.1,625,115.2,200,115.5,500,,,,,,,,,,,,,,
2026-07-02T14:27:24.358660+00:00,2026-07-02T14:27:24.353672,3,3,115.05,0.1,115.0,199,114.9,8,114.8,1125,,,,,,,,,,,,,,,115.1,625,115.2,200,115.5,500,,,,,,,,,,,,,,
2026-07-02T14:27:24.374206+00:00,2026-07-02T14:27:24.374111,3,3,115.05,0.1,115.0,174,114.9,8,114.8,1125,,,,,,,,,,,,,,,115.1,625,115.2,200,115.5,500,,,,,,,,,,,,,,
2026-07-02T14:27:24.541124+00:00,2026-07-02T14:27:24.540915,3,3,115.05,0.1,115.0,174,114.9,8,114.8,625,,,,,,,,,,,,,,,115.1,625,115.2,200,115.5,500,,,,,,,,,,,,,,
2026-07-02T14:27:24.546422+00:00,2026-07-02T14:27:24.546197,3,2,115.05,0.1,115.0,174,114.9,8,114.8,625,,,,,,,,,,,,,,,115.1,625,115.2,200,,,,,,,,,,,,,,,,
2026-07-02T14:27:24.558705+00:00,2026-07-02T14:27:24.556830,3,3,115.05,0.1,115.0,174,114.9,8,114.8,1125,,,,,,,,,,,,,,,115.1,625,115.2,200,115.5,500,,,,,,,,,,,,,,
2026-07-02T14:27:24.586235+00:00,2026-07-02T14:27:24.586102,3,3,115.05,0.1,115.0,149,114.9,8,114.8,500,,,,,,,,,,,,,,,115.1,625,115.2,200,115.5,500,,,,,,,,,,,,,,
2026-07-02T14:27:24.591395+00:00,2026-07-02T14:27:24.591342,3,2,115.1,0.2,115.0,149,114.9,8,114.8,500,,,,,,,,,,,,,,,115.2,200,115.5,500,,,,,,,,,,,,,,,,
2026-07-02T14:27:24.596662+00:00,2026-07-02T14:27:24.596562,4,2,115.1,0.2,115.0,149,114.9,8,114.8,500,114.7,625,,,,,,,,,,,,,115.2,200,115.5,500,,,,,,,,,,,,,,,,
2026-07-02T14:27:24.607191+00:00,2026-07-02T14:27:24.607072,2,3,114.85,0.1,114.8,500,114.7,625,,,,,,,,,,,,,,,,,114.9,468,115.2,200,115.5,500,,,,,,,,,,,,,,
2026-07-02T14:27:25.142410+00:00,2026-07-02T14:27:25.142178,1,3,114.8,0.2,114.7,625,,,,,,,,,,,,,,,,,,,114.9,468,115.2,200,115.5,500,,,,,,,,,,,,,,
2026-07-02T14:27:25.147718+00:00,2026-07-02T14:27:25.147487,1,2,114.8,0.2,114.7,625,,,,,,,,,,,,,,,,,,,114.9,468,115.2,200,,,,,,,,,,,,,,,,
2026-07-02T14:27:25.158658+00:00,2026-07-02T14:27:25.153209,2,3,114.85,0.1,114.8,500,114.7,625,,,,,,,,,,,,,,,,,114.9,468,115.2,200,115.5,500,,,,,,,,,,,,,,
2026-07-02T14:27:25.215975+00:00,2026-07-02T14:27:25.215922,2,2,114.85,0.1,114.8,500,114.7,625,,,,,,,,,,,,,,,,,114.9,268,115.5,500,,,,,,,,,,,,,,,,
2026-07-02T14:27:25.226504+00:00,2026-07-02T14:27:25.226354,2,3,114.85,0.1,114.8,500,114.7,625,,,,,,,,,,,,,,,,,114.9,268,115.2,200,115.5,500,,,,,,,,,,,,,,
2026-07-02T14:27:25.764376+00:00,2026-07-02T14:27:25.764226,2,3,114.85,0.1,114.8,500,114.7,625,,,,,,,,,,,,,,,,,114.9,268,115.2,200,115.5,500,,,,,,,,,,,,,,
2026-07-02T14:27:25.864154+00:00,2026-07-02T14:27:25.863962,2,3,114.85,0.1,114.8,500,114.7,625,,,,,,,,,,,,,,,,,114.9,268,115.2,208,115.5,500,,,,,,,,,,,,,,
2026-07-02T14:27:25.907001+00:00,2026-07-02T14:27:25.906891,1,3,114.85,0.1,114.8,500,,,,,,,,,,,,,,,,,,,114.9,268,115.2,208,115.5,500,,,,,,,,,,,,,,
2026-07-02T14:27:25.912301+00:00,2026-07-02T14:27:25.912193,1,2,115.0,0.4,114.8,500,,,,,,,,,,,,,,,,,,,115.2,208,115.5,500,,,,,,,,,,,,,,,,
2026-07-02T14:27:25.917528+00:00,2026-07-02T14:27:25.917467,2,3,115.0,0.2,114.9,625,114.8,500,,,,,,,,,,,,,,,,,115.1,625,115.2,208,115.5,500,,,,,,,,,,,,,,
2026-07-02T14:27:26.344206+00:00,2026-07-02T14:27:26.344079,1,3,115.0,0.2,114.9,625,,,,,,,,,,,,,,,,,,,115.1,625,115.2,208,115.5,500,,,,,,,,,,,,,,
2026-07-02T14:27:26.364214+00:00,2026-07-02T14:27:26.364155,2,3,115.0,0.2,114.9,625,114.7,500,,,,,,,,,,,,,,,,,115.1,625,115.2,208,115.4,500,,,,,,,,,,,,,,
2026-07-02T14:27:26.432512+00:00,2026-07-02T14:27:26.432395,2,3,115.0,0.2,114.9,625,114.7,500,,,,,,,,,,,,,,,,,115.1,625,115.2,8,115.4,500,,,,,,,,,,,,,,
2026-07-02T14:27:26.437710+00:00,2026-07-02T14:27:26.437663,2,3,115.0,0.2,114.9,825,114.7,500,,,,,,,,,,,,,,,,,115.1,825,115.2,8,115.4,500,,,,,,,,,,,,,,
2026-07-02T14:27:26.935629+00:00,2026-07-02T14:27:26.935564,2,3,115.0,0.2,114.9,805,114.7,500,,,,,,,,,,,,,,,,,115.1,825,115.2,8,115.4,500,,,,,,,,,,,,,,
2026-07-02T14:27:26.946025+00:00,2026-07-02T14:27:26.945955,1,3,115.0,0.2,114.9,805,,,,,,,,,,,,,,,,,,,115.1,825,115.2,8,115.4,500,,,,,,,,,,,,,,
2026-07-02T14:27:26.958552+00:00,2026-07-02T14:27:26.956521,2,2,115.0,0.2,114.9,805,114.7,500,,,,,,,,,,,,,,,,,115.1,825,115.2,8,,,,,,,,,,,,,,,,
2026-07-02T14:27:26.969567+00:00,2026-07-02T14:27:26.969488,2,3,115.0,0.2,114.9,805,114.7,500,,,,,,,,,,,,,,,,,115.1,825,115.2,8,115.4,500,,,,,,,,,,,,,,
2026-07-02T14:27:27.203944+00:00,2026-07-02T14:27:27.259003,3,4,114.95,0.1,114.9,200,114.8,625,114.7,500,,,,,,,,,,,,,,,115.0,625,115.1,200,115.2,8,115.4,500,,,,,,,,,,,,
2026-07-02T14:27:27.576671+00:00,2026-07-02T14:27:27.576560,2,4,114.95,0.1,114.9,200,114.8,625,,,,,,,,,,,,,,,,,115.0,625,115.1,200,115.2,8,115.4,500,,,,,,,,,,,,
2026-07-02T14:27:27.581878+00:00,2026-07-02T14:27:27.581851,2,3,114.95,0.1,114.9,200,114.8,625,,,,,,,,,,,,,,,,,115.0,625,115.1,200,115.2,8,,,,,,,,,,,,,,
2026-07-02T14:27:27.592574+00:00,2026-07-02T14:27:27.592328,3,3,114.95,0.1,114.9,200,114.8,625,114.7,500,,,,,,,,,,,,,,,115.0,625,115.1,200,115.2,8,,,,,,,,,,,,,,
2026-07-02T14:27:27.597818+00:00,2026-07-02T14:27:27.597638,3,4,114.95,0.1,114.9,200,114.8,625,114.7,500,,,,,,,,,,,,,,,115.0,625,115.1,200,115.2,8,115.3,500,,,,,,,,,,,,
2026-07-02T14:27:27.639557+00:00,2026-07-02T14:27:27.639526,2,3,114.9,0.2,114.8,625,114.7,500,,,,,,,,,,,,,,,,,115.0,625,115.2,8,115.3,500,,,,,,,,,,,,,,
2026-07-02T14:27:27.644815+00:00,2026-07-02T14:27:27.644754,3,3,114.95,0.1,114.9,200,114.8,625,114.7,500,,,,,,,,,,,,,,,115.0,625,115.2,208,115.3,500,,,,,,,,,,,,,,
2026-07-02T14:27:27.787546+00:00,2026-07-02T14:27:27.787437,3,3,114.95,0.1,114.9,200,114.8,625,114.7,500,,,,,,,,,,,,,,,115.0,625,115.2,206,115.3,500,,,,,,,,,,,,,,
2026-07-02T14:27:28.175137+00:00,2026-07-02T14:27:28.175017,2,3,114.95,0.1,114.9,200,114.8,625,,,,,,,,,,,,,,,,,115.0,625,115.2,206,115.3,500,,,,,,,,,,,,,,
2026-07-02T14:27:28.185577+00:00,2026-07-02T14:27:28.185483,2,2,114.95,0.1,114.9,200,114.8,625,,,,,,,,,,,,,,,,,115.0,625,115.2,206,,,,,,,,,,,,,,,,
2026-07-02T14:27:28.190883+00:00,2026-07-02T14:27:28.190787,3,2,114.95,0.1,114.9,200,114.8,625,114.7,500,,,,,,,,,,,,,,,115.0,625,115.2,206,,,,,,,,,,,,,,,,
2026-07-02T14:27:28.201455+00:00,2026-07-02T14:27:28.201262,3,3,114.95,0.1,114.9,200,114.8,625,114.7,500,,,,,,,,,,,,,,,115.0,625,115.2,206,115.4,500,,,,,,,,,,,,,,
2026-07-02T14:27:28.223273+00:00,2026-07-02T14:27:28.223457,3,3,114.95,0.1,114.9,200,114.8,625,114.7,500,,,,,,,,,,,,,,,115.0,625,115.2,205,115.4,500,,,,,,,,,,,,,,
2026-07-02T14:27:28.530953+00:00,2026-07-02T14:27:28.530818,2,3,114.95,0.1,114.9,200,114.7,500,,,,,,,,,,,,,,,,,115.0,625,115.2,205,115.4,500,,,,,,,,,,,,,,
2026-07-02T14:27:28.536162+00:00,2026-07-02T14:27:28.536072,2,2,115.05,0.3,114.9,825,114.7,500,,,,,,,,,,,,,,,,,115.2,205,115.4,500,,,,,,,,,,,,,,,,
2026-07-02T14:27:28.541343+00:00,2026-07-02T14:27:28.541270,2,3,115.0,0.2,114.9,825,114.7,500,,,,,,,,,,,,,,,,,115.1,625,115.2,205,115.4,500,,,,,,,,,,,,,,
2026-07-02T14:27:28.780220+00:00,2026-07-02T14:27:28.779992,1,3,115.0,0.2,114.9,825,,,,,,,,,,,,,,,,,,,115.1,625,115.2,205,115.4,500,,,,,,,,,,,,,,
2026-07-02T14:27:28.785405+00:00,2026-07-02T14:27:28.785280,1,2,115.0,0.2,114.9,825,,,,,,,,,,,,,,,,,,,115.1,625,115.2,205,,,,,,,,,,,,,,,,
2026-07-02T14:27:28.795862+00:00,2026-07-02T14:27:28.795707,2,2,115.0,0.2,114.9,825,114.7,500,,,,,,,,,,,,,,,,,115.1,625,115.2,205,,,,,,,,,,,,,,,,
2026-07-02T14:27:28.801067+00:00,2026-07-02T14:27:28.800982,2,3,115.0,0.2,114.9,825,114.7,500,,,,,,,,,,,,,,,,,115.1,625,115.2,205,115.4,500,,,,,,,,,,,,,,
2026-07-02T14:27:28.849141+00:00,2026-07-02T14:27:28.849026,3,3,115.05,0.1,115.0,200,114.9,625,114.7,500,,,,,,,,,,,,,,,115.1,625,115.2,5,115.4,500,,,,,,,,,,,,,,
2026-07-02T14:27:28.858589+00:00,2026-07-02T14:27:28.854210,3,3,115.05,0.1,115.0,200,114.9,625,114.7,500,,,,,,,,,,,,,,,115.1,625,115.2,205,115.4,500,,,,,,,,,,,,,,
2026-07-02T14:27:29.386047+00:00,2026-07-02T14:27:29.385914,2,3,115.05,0.1,115.0,200,114.9,625,,,,,,,,,,,,,,,,,115.1,625,115.2,205,115.4,500,,,,,,,,,,,,,,
2026-07-02T14:27:29.391071+00:00,2026-07-02T14:27:29.391206,2,2,115.05,0.1,115.0,200,114.9,625,,,,,,,,,,,,,,,,,115.1,625,115.2,205,,,,,,,,,,,,,,,,
2026-07-02T14:27:29.401526+00:00,2026-07-02T14:27:29.401605,3,2,115.05,0.1,115.0,200,114.9,625,114.7,500,,,,,,,,,,,,,,,115.1,625,115.2,205,,,,,,,,,,,,,,,,
2026-07-02T14:27:29.407031+00:00,2026-07-02T14:27:29.406881,3,3,115.05,0.1,115.0,200,114.9,625,114.7,500,,,,,,,,,,,,,,,115.1,625,115.2,205,115.3,500,,,,,,,,,,,,,,
2026-07-02T14:27:29.612046+00:00,2026-07-02T14:27:29.612000,3,3,115.05,0.1,115.0,200,114.9,632,114.7,500,,,,,,,,,,,,,,,115.1,625,115.2,205,115.3,500,,,,,,,,,,,,,,
2026-07-02T14:27:29.804153+00:00,2026-07-02T14:27:29.804095,3,3,115.05,0.1,115.0,180,114.9,632,114.7,500,,,,,,,,,,,,,,,115.1,625,115.2,205,115.3,500,,,,,,,,,,,,,,
2026-07-02T14:27:29.844759+00:00,2026-07-02T14:27:29.844733,3,2,115.1,0.2,115.0,180,114.9,7,114.7,500,,,,,,,,,,,,,,,115.2,205,115.3,500,,,,,,,,,,,,,,,,
2026-07-02T14:27:29.850213+00:00,2026-07-02T14:27:29.849943,4,2,115.1,0.2,115.0,180,114.9,7,114.8,625,114.7,500,,,,,,,,,,,,,115.2,205,115.3,500,,,,,,,,,,,,,,,,
2026-07-02T14:27:29.858683+00:00,2026-07-02T14:27:29.855246,3,3,114.95,0.1,114.9,7,114.8,625,114.7,500,,,,,,,,,,,,,,,115.0,445,115.2,205,115.3,500,,,,,,,,,,,,,,
2026-07-02T14:27:29.985286+00:00,2026-07-02T14:27:29.985185,2,3,114.95,0.1,114.9,7,114.8,625,,,,,,,,,,,,,,,,,115.0,445,115.2,205,115.3,500,,,,,,,,,,,,,,
2026-07-02T14:27:29.990491+00:00,2026-07-02T14:27:29.990468,2,2,114.95,0.1,114.9,7,114.8,625,,,,,,,,,,,,,,,,,115.0,445,115.2,205,,,,,,,,,,,,,,,,
2026-07-02T14:27:30.000986+00:00,2026-07-02T14:27:30.000881,3,2,114.95,0.1,114.9,7,114.8,625,114.6,500,,,,,,,,,,,,,,,115.0,445,115.2,205,,,,,,,,,,,,,,,,
2026-07-02T14:27:30.006020+00:00,2026-07-02T14:27:30.006190,3,3,114.95,0.1,114.9,7,114.8,625,114.6,500,,,,,,,,,,,,,,,115.0,445,115.2,205,115.3,500,,,,,,,,,,,,,,
2026-07-02T14:27:30.058680+00:00,2026-07-02T14:27:30.053029,3,4,114.85,0.1,114.8,625,114.7,200,114.6,500,,,,,,,,,,,,,,,114.9,193,115.0,445,115.2,5,115.3,500,,,,,,,,,,,,
2026-07-02T14:27:30.158658+00:00,2026-07-02T14:27:30.158407,3,4,114.85,0.1,114.8,625,114.7,200,114.6,500,,,,,,,,,,,,,,,114.9,192,115.0,445,115.2,5,115.3,500,,,,,,,,,,,,
2026-07-02T14:27:30.264621+00:00,2026-07-02T14:27:30.264281,3,4,114.85,0.1,114.8,629,114.7,200,114.6,500,,,,,,,,,,,,,,,114.9,192,115.0,445,115.2,5,115.3,500,,,,,,,,,,,,
2026-07-02T14:27:30.589962+00:00,2026-07-02T14:27:30.589683,2,4,114.85,0.1,114.8,629,114.7,200,,,,,,,,,,,,,,,,,114.9,192,115.0,445,115.2,5,115.3,500,,,,,,,,,,,,
2026-07-02T14:27:30.595201+00:00,2026-07-02T14:27:30.594966,2,3,114.85,0.1,114.8,629,114.7,200,,,,,,,,,,,,,,,,,114.9,192,115.0,445,115.2,5,,,,,,,,,,,,,,
2026-07-02T14:27:30.600392+00:00,2026-07-02T14:27:30.600256,3,3,114.85,0.1,114.8,629,114.7,200,114.6,500,,,,,,,,,,,,,,,114.9,192,115.0,445,115.2,5,,,,,,,,,,,,,,
2026-07-02T14:27:30.605744+00:00,2026-07-02T14:27:30.605538,3,3,114.85,0.1,114.8,629,114.7,200,114.6,500,,,,,,,,,,,,,,,114.9,192,115.0,445,115.2,505,,,,,,,,,,,,,,
2026-07-02T14:27:31.164657+00:00,2026-07-02T14:27:31.164525,3,2,114.85,0.1,114.8,4,114.7,200,114.6,500,,,,,,,,,,,,,,,114.9,192,115.2,505,,,,,,,,,,,,,,,,
2026-07-02T14:27:31.170060+00:00,2026-07-02T14:27:31.169928,4,1,115.1,0.2,115.0,433,114.8,4,114.7,200,114.6,500,,,,,,,,,,,,,115.2,505,,,,,,,,,,,,,,,,,,
2026-07-02T14:27:31.175327+00:00,2026-07-02T14:27:31.175248,4,1,115.1,0.2,115.0,433,114.8,4,114.7,200,114.6,500,,,,,,,,,,,,,115.2,1130,,,,,,,,,,,,,,,,,,
2026-07-02T14:27:31.192985+00:00,2026-07-02T14:27:31.192736,3,1,115.1,0.2,115.0,433,114.8,4,114.7,200,,,,,,,,,,,,,,,115.2,1130,,,,,,,,,,,,,,,,,,
2026-07-02T14:27:31.198123+00:00,2026-07-02T14:27:31.198040,3,1,115.1,0.2,115.0,433,114.8,4,114.7,200,,,,,,,,,,,,,,,115.2,630,,,,,,,,,,,,,,,,,,
2026-07-02T14:27:31.203385+00:00,2026-07-02T14:27:31.203322,4,1,115.1,0.2,115.0,433,114.8,4,114.7,200,114.6,500,,,,,,,,,,,,,115.2,630,,,,,,,,,,,,,,,,,,
2026-07-02T14:27:31.208657+00:00,2026-07-02T14:27:31.208609,4,2,115.1,0.2,115.0,433,114.8,4,114.7,200,114.6,500,,,,,,,,,,,,,115.2,630,115.3,500,,,,,,,,,,,,,,,,
2026-07-02T14:27:31.229656+00:00,2026-07-02T14:27:31.229399,4,2,115.1,0.2,115.0,433,114.8,3,114.7,200,114.6,500,,,,,,,,,,,,,115.2,630,115.3,500,,,,,,,,,,,,,,,,
2026-07-02T14:27:31.264244+00:00,2026-07-02T14:27:31.264142,3,2,115.1,0.2,115.0,433,114.8,203,114.6,500,,,,,,,,,,,,,,,115.2,630,115.3,500,,,,,,,,,,,,,,,,
2026-07-02T14:27:31.269495+00:00,2026-07-02T14:27:31.269379,3,2,115.1,0.2,115.0,233,114.8,203,114.6,500,,,,,,,,,,,,,,,115.2,630,115.3,500,,,,,,,,,,,,,,,,
2026-07-02T14:27:31.366053+00:00,2026-07-02T14:27:31.365920,3,2,115.1,0.2,115.0,232,114.8,203,114.6,500,,,,,,,,,,,,,,,115.2,630,115.3,500,,,,,,,,,,,,,,,,
2026-07-02T14:27:31.517295+00:00,2026-07-02T14:27:31.517147,3,2,115.1,0.2,115.0,232,114.8,201,114.6,500,,,,,,,,,,,,,,,115.2,630,115.3,500,,,,,,,,,,,,,,,,
2026-07-02T14:27:31.795585+00:00,2026-07-02T14:27:31.795442,2,2,115.1,0.2,115.0,232,114.8,201,,,,,,,,,,,,,,,,,115.2,630,115.3,500,,,,,,,,,,,,,,,,
2026-07-02T14:27:31.800839+00:00,2026-07-02T14:27:31.800745,2,1,115.1,0.2,115.0,232,114.8,201,,,,,,,,,,,,,,,,,115.2,630,,,,,,,,,,,,,,,,,,
2026-07-02T14:27:31.806173+00:00,2026-07-02T14:27:31.806042,3,1,115.1,0.2,115.0,232,114.8,201,114.6,500,,,,,,,,,,,,,,,115.2,630,,,,,,,,,,,,,,,,,,
2026-07-02T14:27:31.811412+00:00,2026-07-02T14:27:31.811321,3,2,115.1,0.2,115.0,232,114.8,201,114.6,500,,,,,,,,,,,,,,,115.2,630,115.3,500,,,,,,,,,,,,,,,,
2026-07-02T14:27:32.398324+00:00,2026-07-02T14:27:32.398104,2,2,115.1,0.2,115.0,232,114.8,201,,,,,,,,,,,,,,,,,115.2,630,115.3,500,,,,,,,,,,,,,,,,
2026-07-02T14:27:32.458649+00:00,2026-07-02T14:27:32.403417,2,1,115.1,0.2,115.0,232,114.8,201,,,,,,,,,,,,,,,,,115.2,630,,,,,,,,,,,,,,,,,,
2026-07-02T14:27:32.469701+00:00,2026-07-02T14:27:32.469484,3,3,115.0,0.2,114.9,200,114.8,1,114.6,500,,,,,,,,,,,,,,,115.1,200,115.2,630,115.3,500,,,,,,,,,,,,,,
2026-07-02T14:27:32.480277+00:00,2026-07-02T14:27:32.480466,3,3,115.0,0.2,114.9,825,114.8,1,114.6,500,,,,,,,,,,,,,,,115.1,825,115.2,5,115.3,500,,,,,,,,,,,,,,
2026-07-02T14:27:32.564011+00:00,2026-07-02T14:27:32.563928,3,3,115.0,0.2,114.9,825,114.8,1,114.6,500,,,,,,,,,,,,,,,115.1,824,115.2,5,115.3,500,,,,,,,,,,,,,,
2026-07-02T14:27:33.058662+00:00,2026-07-02T14:27:33.002747,2,2,115.0,0.2,114.9,825,114.8,1,,,,,,,,,,,,,,,,,115.1,824,115.2,5,,,,,,,,,,,,,,,,
2026-07-02T14:27:33.069669+00:00,2026-07-02T14:27:33.069247,3,2,115.0,0.2,114.9,825,114.8,1,114.5,500,,,,,,,,,,,,,,,115.1,824,115.2,505,,,,,,,,,,,,,,,,
2026-07-02T14:27:33.630979+00:00,2026-07-02T14:27:33.631090,2,2,115.0,0.2,114.9,825,114.8,1,,,,,,,,,,,,,,,,,115.1,824,115.2,505,,,,,,,,,,,,,,,,
2026-07-02T14:27:33.636451+00:00,2026-07-02T14:27:33.636362,2,2,115.0,0.2,114.9,825,114.8,1,,,,,,,,,,,,,,,,,115.1,824,115.2,5,,,,,,,,,,,,,,,,
2026-07-02T14:27:33.658569+00:00,2026-07-02T14:27:33.642731,3,2,115.0,0.2,114.9,825,114.8,1,114.6,500,,,,,,,,,,,,,,,115.1,824,115.2,505,,,,,,,,,,,,,,,,
2026-07-02T14:27:33.674309+00:00,2026-07-02T14:27:33.674255,3,2,115.0,0.2,114.9,625,114.8,1,114.6,500,,,,,,,,,,,,,,,115.1,824,115.2,505,,,,,,,,,,,,,,,,
2026-07-02T14:27:33.679563+00:00,2026-07-02T14:27:33.679446,3,3,114.95,0.1,114.9,625,114.8,201,114.6,500,,,,,,,,,,,,,,,115.0,200,115.1,625,115.2,505,,,,,,,,,,,,,,
2026-07-02T14:27:33.739371+00:00,2026-07-02T14:27:33.737915,3,3,114.95,0.1,114.9,625,114.8,201,114.6,500,,,,,,,,,,,,,,,115.0,186,115.1,625,115.2,505,,,,,,,,,,,,,,
2026-07-02T14:27:33.784401+00:00,2026-07-02T14:27:33.784314,2,2,114.9,0.2,114.8,201,114.6,500,,,,,,,,,,,,,,,,,115.0,186,115.2,505,,,,,,,,,,,,,,,,
2026-07-02T14:27:33.789574+00:00,2026-07-02T14:27:33.789499,3,3,114.95,0.1,114.9,625,114.8,201,114.6,500,,,,,,,,,,,,,,,115.0,186,115.1,625,115.2,505,,,,,,,,,,,,,,
2026-07-02T14:27:33.838408+00:00,2026-07-02T14:27:33.838304,3,3,114.95,0.1,114.9,625,114.8,201,114.6,500,,,,,,,,,,,,,,,115.0,161,115.1,625,115.2,505,,,,,,,,,,,,,,
2026-07-02T14:27:34.047997+00:00,2026-07-02T14:27:34.047917,3,3,114.95,0.1,114.9,625,114.8,201,114.6,500,,,,,,,,,,,,,,,115.0,136,115.1,625,115.2,505,,,,,,,,,,,,,,
2026-07-02T14:27:34.234130+00:00,2026-07-02T14:27:34.233951,2,3,114.95,0.1,114.9,625,114.8,201,,,,,,,,,,,,,,,,,115.0,136,115.1,625,115.2,505,,,,,,,,,,,,,,
2026-07-02T14:27:34.239446+00:00,2026-07-02T14:27:34.239246,2,3,114.95,0.1,114.9,625,114.8,201,,,,,,,,,,,,,,,,,115.0,136,115.1,625,115.2,5,,,,,,,,,,,,,,
2026-07-02T14:27:34.244669+00:00,2026-07-02T14:27:34.244531,3,3,114.95,0.1,114.9,625,114.8,201,114.5,500,,,,,,,,,,,,,,,115.0,136,115.1,625,115.2,5,,,,,,,,,,,,,,
2026-07-02T14:27:34.250036+00:00,2026-07-02T14:27:34.249807,3,3,114.95,0.1,114.9,625,114.8,201,114.5,500,,,,,,,,,,,,,,,115.0,136,115.1,1125,115.2,5,,,,,,,,,,,,,,
2026-07-02T14:27:34.258609+00:00,2026-07-02T14:27:34.255235,3,3,114.95,0.1,114.9,625,114.8,201,114.5,500,,,,,,,,,,,,,,,115.0,111,115.1,1125,115.2,5,,,,,,,,,,,,,,
2026-07-02T14:27:34.466942+00:00,2026-07-02T14:27:34.466841,3,3,114.95,0.1,114.9,625,114.8,201,114.5,500,,,,,,,,,,,,,,,115.0,86,115.1,1125,115.2,5,,,,,,,,,,,,,,
2026-07-02T14:27:34.675333+00:00,2026-07-02T14:27:34.675212,3,3,114.95,0.1,114.9,625,114.8,201,114.5,500,,,,,,,,,,,,,,,115.0,68,115.1,1125,115.2,5,,,,,,,,,,,,,,
2026-07-02T14:27:34.769017+00:00,2026-07-02T14:27:34.768961,3,3,114.95,0.1,114.9,624,114.8,201,114.5,500,,,,,,,,,,,,,,,115.0,68,115.1,1125,115.2,5,,,,,,,,,,,,,,
2026-07-02T14:27:34.836980+00:00,2026-07-02T14:27:34.836676,2,3,114.95,0.1,114.9,624,114.8,201,,,,,,,,,,,,,,,,,115.0,68,115.1,1125,115.2,5,,,,,,,,,,,,,,
2026-07-02T14:27:34.842183+00:00,2026-07-02T14:27:34.841939,2,3,114.95,0.1,114.9,624,114.8,201,,,,,,,,,,,,,,,,,115.0,68,115.1,625,115.2,5,,,,,,,,,,,,,,
2026-07-02T14:27:34.847344+00:00,2026-07-02T14:27:34.847194,3,3,114.95,0.1,114.9,624,114.8,201,114.4,500,,,,,,,,,,,,,,,115.0,68,115.1,625,115.2,5,,,,,,,,,,,,,,
2026-07-02T14:27:34.852612+00:00,2026-07-02T14:27:34.852464,3,3,114.95,0.1,114.9,624,114.8,201,114.4,500,,,,,,,,,,,,,,,115.0,68,115.1,1125,115.2,5,,,,,,,,,,,,,,
2026-07-02T14:27:34.881287+00:00,2026-07-02T14:27:34.881163,3,3,114.95,0.1,114.9,624,114.8,1,114.4,500,,,,,,,,,,,,,,,115.0,68,115.1,1125,115.2,5,,,,,,,,,,,,,,
2026-07-02T14:27:34.886562+00:00,2026-07-02T14:27:34.886394,3,3,114.95,0.1,114.9,624,114.8,201,114.4,500,,,,,,,,,,,,,,,115.0,200,115.1,1125,115.2,5,,,,,,,,,,,,,,
2026-07-02T14:27:34.969742+00:00,2026-07-02T14:27:34.969632,3,3,114.95,0.1,114.9,624,114.8,201,114.4,500,,,,,,,,,,,,,,,115.0,199,115.1,1125,115.2,5,,,,,,,,,,,,,,
2026-07-02T14:27:35.091821+00:00,2026-07-02T14:27:35.091738,2,3,114.9,0.2,114.8,201,114.4,500,,,,,,,,,,,,,,,,,115.0,199,115.1,1125,115.2,5,,,,,,,,,,,,,,
2026-07-02T14:27:35.097077+00:00,2026-07-02T14:27:35.097010,3,2,115.05,0.1,115.0,426,114.8,201,114.4,500,,,,,,,,,,,,,,,115.1,500,115.2,630,,,,,,,,,,,,,,,,
2026-07-02T14:27:35.170003+00:00,2026-07-02T14:27:35.169915,3,2,115.05,0.1,115.0,425,114.8,201,114.4,500,,,,,,,,,,,,,,,115.1,500,115.2,630,,,,,,,,,,,,,,,,
2026-07-02T14:27:35.458907+00:00,2026-07-02T14:27:35.458744,2,2,115.05,0.1,115.0,425,114.8,201,,,,,,,,,,,,,,,,,115.1,500,115.2,630,,,,,,,,,,,,,,,,
2026-07-02T14:27:35.464533+00:00,2026-07-02T14:27:35.464350,3,2,115.05,0.1,115.0,425,114.8,201,114.5,500,,,,,,,,,,,,,,,115.1,500,115.2,630,,,,,,,,,,,,,,,,
2026-07-02T14:27:36.064759+00:00,2026-07-02T14:27:36.064607,3,2,115.05,0.1,115.0,425,114.8,201,114.4,500,,,,,,,,,,,,,,,115.1,500,115.2,630,,,,,,,,,,,,,,,,
2026-07-02T14:27:36.090847+00:00,2026-07-02T14:27:36.090759,3,2,115.05,0.1,115.0,425,114.8,201,114.4,500,,,,,,,,,,,,,,,115.1,500,115.2,630,,,,,,,,,,,,,,,,
2026-07-02T14:27:36.096129+00:00,2026-07-02T14:27:36.095993,3,2,115.05,0.1,115.0,225,114.8,201,114.4,500,,,,,,,,,,,,,,,115.1,500,115.2,630,,,,,,,,,,,,,,,,
2026-07-02T14:27:36.464725+00:00,2026-07-02T14:27:36.464442,3,3,114.9,0.2,114.8,201,114.7,625,114.4,500,,,,,,,,,,,,,,,115.0,625,115.1,500,115.2,5,,,,,,,,,,,,,,
2026-07-02T14:27:36.571793+00:00,2026-07-02T14:27:36.571623,3,3,114.9,0.2,114.8,201,114.7,625,114.4,500,,,,,,,,,,,,,,,115.0,624,115.1,500,115.2,5,,,,,,,,,,,,,,
2026-07-02T14:27:36.659997+00:00,2026-07-02T14:27:36.659555,3,3,114.9,0.2,114.8,201,114.7,625,114.4,500,,,,,,,,,,,,,,,115.0,624,115.1,500,115.2,5,,,,,,,,,,,,,,
2026-07-02T14:27:36.969320+00:00,2026-07-02T14:27:36.969286,3,3,114.9,0.2,114.8,200,114.7,625,114.4,500,,,,,,,,,,,,,,,115.0,624,115.1,500,115.2,5,,,,,,,,,,,,,,
2026-07-02T14:27:36.995647+00:00,2026-07-02T14:27:36.995447,3,3,114.9,0.2,114.8,205,114.7,625,114.4,500,,,,,,,,,,,,,,,115.0,624,115.1,500,115.2,5,,,,,,,,,,,,,,
2026-07-02T14:27:37.264386+00:00,2026-07-02T14:27:37.264253,3,2,114.9,0.2,114.8,205,114.7,625,114.3,500,,,,,,,,,,,,,,,115.0,1124,115.2,5,,,,,,,,,,,,,,,,
2026-07-02T14:27:37.295725+00:00,2026-07-02T14:27:37.295655,3,2,114.9,0.2,114.8,5,114.7,625,114.3,500,,,,,,,,,,,,,,,115.0,1124,115.2,5,,,,,,,,,,,,,,,,
2026-07-02T14:27:37.300942+00:00,2026-07-02T14:27:37.300846,3,3,114.85,0.1,114.8,5,114.7,825,114.3,500,,,,,,,,,,,,,,,114.9,200,115.0,1124,115.2,5,,,,,,,,,,,,,,
2026-07-02T14:27:37.707485+00:00,2026-07-02T14:27:37.707425,3,3,114.85,0.1,114.8,5,114.7,200,114.3,500,,,,,,,,,,,,,,,114.9,200,115.0,1124,115.2,5,,,,,,,,,,,,,,
2026-07-02T14:27:37.712713+00:00,2026-07-02T14:27:37.712682,3,3,114.85,0.1,114.8,5,114.7,825,114.3,500,,,,,,,,,,,,,,,114.9,200,115.0,500,115.2,5,,,,,,,,,,,,,,
2026-07-02T14:27:37.717941+00:00,2026-07-02T14:27:37.717876,3,3,114.85,0.1,114.8,5,114.7,825,114.3,500,,,,,,,,,,,,,,,114.9,825,115.0,500,115.2,5,,,,,,,,,,,,,,
2026-07-02T14:27:37.858621+00:00,2026-07-02T14:27:37.857411,3,2,114.85,0.1,114.8,5,114.7,825,114.4,500,,,,,,,,,,,,,,,114.9,825,115.2,5,,,,,,,,,,,,,,,,
2026-07-02T14:27:37.874517+00:00,2026-07-02T14:27:37.874387,3,3,114.85,0.1,114.8,5,114.7,825,114.4,500,,,,,,,,,,,,,,,114.9,825,115.0,500,115.2,5,,,,,,,,,,,,,,
2026-07-02T14:27:38.374801+00:00,2026-07-02T14:27:38.374725,3,3,114.85,0.1,114.8,4,114.7,825,114.4,500,,,,,,,,,,,,,,,114.9,825,115.0,500,115.2,5,,,,,,,,,,,,,,
2026-07-02T14:27:38.458549+00:00,2026-07-02T14:27:38.457519,2,2,114.85,0.1,114.8,4,114.7,825,,,,,,,,,,,,,,,,,114.9,825,115.2,5,,,,,,,,,,,,,,,,
2026-07-02T14:27:38.474801+00:00,2026-07-02T14:27:38.474568,3,2,114.85,0.1,114.8,4,114.7,825,114.2,500,,,,,,,,,,,,,,,114.9,825,115.2,5,,,,,,,,,,,,,,,,
2026-07-02T14:27:38.480045+00:00,2026-07-02T14:27:38.479891,3,2,114.85,0.1,114.8,4,114.7,825,114.2,500,,,,,,,,,,,,,,,114.9,1325,115.2,5,,,,,,,,,,,,,,,,
2026-07-02T14:27:38.564731+00:00,2026-07-02T14:27:38.564404,3,2,114.8,0.2,114.7,429,114.5,200,114.2,500,,,,,,,,,,,,,,,114.9,1125,115.2,5,,,,,,,,,,,,,,,,
2026-07-02T14:27:38.570776+00:00,2026-07-02T14:27:38.570521,3,2,114.8,0.2,114.7,429,114.5,200,114.2,500,,,,,,,,,,,,,,,114.9,1124,115.2,5,,,,,,,,,,,,,,,,
2026-07-02T14:27:39.020645+00:00,2026-07-02T14:27:39.020604,2,2,114.7,0.4,114.5,200,114.2,500,,,,,,,,,,,,,,,,,114.9,500,115.2,5,,,,,,,,,,,,,,,,
2026-07-02T14:27:39.025844+00:00,2026-07-02T14:27:39.025791,2,3,114.6,0.2,114.5,825,114.2,500,,,,,,,,,,,,,,,,,114.7,625,114.9,500,115.2,5,,,,,,,,,,,,,,
2026-07-02T14:27:39.058563+00:00,2026-07-02T14:27:39.058090,1,2,114.6,0.2,114.5,825,,,,,,,,,,,,,,,,,,,114.7,625,115.2,5,,,,,,,,,,,,,,,,
2026-07-02T14:27:39.069948+00:00,2026-07-02T14:27:39.069717,2,2,114.6,0.2,114.5,825,114.2,500,,,,,,,,,,,,,,,,,114.7,625,115.2,5,,,,,,,,,,,,,,,,
2026-07-02T14:27:39.075091+00:00,2026-07-02T14:27:39.074993,2,3,114.6,0.2,114.5,825,114.2,500,,,,,,,,,,,,,,,,,114.7,625,114.9,500,115.2,5,,,,,,,,,,,,,,
2026-07-02T14:27:39.396059+00:00,2026-07-02T14:27:39.395961,3,3,114.65,0.1,114.6,2,114.5,825,114.2,500,,,,,,,,,,,,,,,114.7,625,114.9,500,115.2,5,,,,,,,,,,,,,,
2026-07-02T14:27:39.500245+00:00,2026-07-02T14:27:39.500082,3,3,114.65,0.1,114.6,1,114.5,825,114.2,500,,,,,,,,,,,,,,,114.7,625,114.9,500,115.2,5,,,,,,,,,,,,,,
2026-07-02T14:27:39.695359+00:00,2026-07-02T14:27:39.695157,2,3,114.65,0.1,114.6,1,114.5,825,,,,,,,,,,,,,,,,,114.7,625,114.9,500,115.2,5,,,,,,,,,,,,,,
2026-07-02T14:27:39.700563+00:00,2026-07-02T14:27:39.700459,2,2,114.65,0.1,114.6,1,114.5,825,,,,,,,,,,,,,,,,,114.7,625,115.2,5,,,,,,,,,,,,,,,,
2026-07-02T14:27:39.705800+00:00,2026-07-02T14:27:39.705722,3,2,114.65,0.1,114.6,1,114.5,825,114.3,500,,,,,,,,,,,,,,,114.7,625,115.2,5,,,,,,,,,,,,,,,,
2026-07-02T14:27:39.711131+00:00,2026-07-02T14:27:39.710988,3,3,114.65,0.1,114.6,1,114.5,825,114.3,500,,,,,,,,,,,,,,,114.7,625,115.0,500,115.2,5,,,,,,,,,,,,,,
2026-07-02T14:27:39.726761+00:00,2026-07-02T14:27:39.726639,3,3,114.65,0.1,114.6,1,114.5,625,114.3,500,,,,,,,,,,,,,,,114.7,625,115.0,500,115.2,5,,,,,,,,,,,,,,
2026-07-02T14:27:39.732040+00:00,2026-07-02T14:27:39.731839,3,3,114.65,0.1,114.6,201,114.5,625,114.3,500,,,,,,,,,,,,,,,114.7,625,115.0,500,115.2,5,,,,,,,,,,,,,,
2026-07-02T14:27:39.758690+00:00,2026-07-02T14:27:39.754172,3,4,114.65,0.1,114.6,200,114.5,625,114.3,500,,,,,,,,,,,,,,,114.7,625,114.8,200,115.0,500,115.2,5,,,,,,,,,,,,
2026-07-02T14:27:40.358780+00:00,2026-07-02T14:27:40.296872,2,3,114.65,0.1,114.6,200,114.5,625,,,,,,,,,,,,,,,,,114.7,625,114.8,200,115.2,5,,,,,,,,,,,,,,
2026-07-02T14:27:40.364927+00:00,2026-07-02T14:27:40.364597,3,2,114.75,0.1,114.7,625,114.6,200,114.2,500,,,,,,,,,,,,,,,114.8,200,114.9,1125,,,,,,,,,,,,,,,,
2026-07-02T14:27:40.559795+00:00,2026-07-02T14:27:40.559237,3,3,114.75,0.1,114.7,625,114.6,200,114.2,500,,,,,,,,,,,,,,,114.8,200,114.9,1125,115.0,13,,,,,,,,,,,,,,
2026-07-02T14:27:40.970083+00:00,2026-07-02T14:27:40.969918,3,3,114.75,0.1,114.7,625,114.6,200,114.2,500,,,,,,,,,,,,,,,114.8,200,114.9,1125,115.0,13,,,,,,,,,,,,,,
2026-07-02T14:27:41.176776+00:00,2026-07-02T14:27:41.176549,3,3,114.75,0.1,114.7,614,114.6,200,114.2,500,,,,,,,,,,,,,,,114.8,200,114.9,1125,115.0,13,,,,,,,,,,,,,,
2026-07-02T14:27:41.303959+00:00,2026-07-02T14:27:41.303819,3,3,114.75,0.1,114.7,615,114.6,200,114.2,500,,,,,,,,,,,,,,,114.8,200,114.9,1125,115.0,13,,,,,,,,,,,,,,
2026-07-02T14:27:41.564969+00:00,2026-07-02T14:27:41.564338,3,3,114.75,0.1,114.7,615,114.6,200,114.2,500,,,,,,,,,,,,,,,114.8,200,114.9,1125,115.0,13,,,,,,,,,,,,,,
2026-07-02T14:27:41.586013+00:00,2026-07-02T14:27:41.585719,3,3,114.75,0.1,114.7,614,114.6,200,114.2,500,,,,,,,,,,,,,,,114.8,200,114.9,1125,115.0,13,,,,,,,,,,,,,,
2026-07-02T14:27:41.663744+00:00,2026-07-02T14:27:41.664461,2,3,114.7,0.2,114.6,825,114.2,500,,,,,,,,,,,,,,,,,114.8,825,114.9,500,115.0,12,,,,,,,,,,,,,,
2026-07-02T14:27:42.170350+00:00,2026-07-02T14:27:42.170129,2,3,114.7,0.2,114.6,825,114.2,500,,,,,,,,,,,,,,,,,114.8,825,114.9,500,115.0,12,,,,,,,,,,,,,,
2026-07-02T14:27:42.264418+00:00,2026-07-02T14:27:42.264141,3,3,114.75,0.1,114.7,1,114.6,825,114.2,500,,,,,,,,,,,,,,,114.8,825,114.9,500,115.0,12,,,,,,,,,,,,,,
2026-07-02T14:27:42.369483+00:00,2026-07-02T14:27:42.368912,2,3,114.7,0.2,114.6,825,114.2,500,,,,,,,,,,,,,,,,,114.8,825,114.9,500,115.0,12,,,,,,,,,,,,,,
2026-07-02T14:27:42.710641+00:00,2026-07-02T14:27:42.710506,1,3,114.7,0.2,114.6,825,,,,,,,,,,,,,,,,,,,114.8,825,114.9,500,115.0,12,,,,,,,,,,,,,,
2026-07-02T14:27:42.716005+00:00,2026-07-02T14:27:42.715820,1,2,114.7,0.2,114.6,825,,,,,,,,,,,,,,,,,,,114.8,825,115.0,12,,,,,,,,,,,,,,,,
2026-07-02T14:27:42.758689+00:00,2026-07-02T14:27:42.721318,2,3,114.7,0.2,114.6,825,114.2,500,,,,,,,,,,,,,,,,,114.8,825,114.9,500,115.0,12,,,,,,,,,,,,,,
2026-07-02T14:27:42.964374+00:00,2026-07-02T14:27:42.964048,2,3,114.7,0.2,114.6,200,114.2,500,,,,,,,,,,,,,,,,,114.8,200,114.9,500,115.0,12,,,,,,,,,,,,,,
2026-07-02T14:27:42.969430+00:00,2026-07-02T14:27:42.969302,3,4,114.65,0.1,114.6,200,114.5,625,114.2,500,,,,,,,,,,,,,,,114.7,625,114.8,200,114.9,500,115.0,12,,,,,,,,,,,,
2026-07-02T14:27:43.314082+00:00,2026-07-02T14:27:43.313879,2,4,114.65,0.1,114.6,200,114.5,625,,,,,,,,,,,,,,,,,114.7,625,114.8,200,114.9,500,115.0,12,,,,,,,,,,,,
2026-07-02T14:27:43.358966+00:00,2026-07-02T14:27:43.358836,2,3,114.65,0.1,114.6,200,114.5,625,,,,,,,,,,,,,,,,,114.7,625,114.8,200,115.0,12,,,,,,,,,,,,,,
2026-07-02T14:27:43.364705+00:00,2026-07-02T14:27:43.364592,2,4,114.6,0.2,114.5,625,114.2,500,,,,,,,,,,,,,,,,,114.7,625,114.8,200,114.9,500,115.0,12,,,,,,,,,,,,
2026-07-02T14:27:43.370024+00:00,2026-07-02T14:27:43.369892,2,3,114.6,0.2,114.5,625,114.2,500,,,,,,,,,,,,,,,,,114.7,625,114.9,500,115.0,12,,,,,,,,,,,,,,
2026-07-02T14:27:43.375295+00:00,2026-07-02T14:27:43.375161,2,3,114.6,0.2,114.5,825,114.2,500,,,,,,,,,,,,,,,,,114.7,625,114.9,500,115.0,12,,,,,,,,,,,,,,
2026-07-02T14:27:43.380435+00:00,2026-07-02T14:27:43.380367,2,4,114.6,0.2,114.5,825,114.2,500,,,,,,,,,,,,,,,,,114.7,625,114.8,200,114.9,500,115.0,12,,,,,,,,,,,,
2026-07-02T14:27:43.958745+00:00,2026-07-02T14:27:43.917300,1,3,114.6,0.2,114.5,825,,,,,,,,,,,,,,,,,,,114.7,625,114.8,200,115.0,12,,,,,,,,,,,,,,
2026-07-02T14:27:43.969265+00:00,2026-07-02T14:27:43.969129,2,3,114.6,0.2,114.5,825,114.3,500,,,,,,,,,,,,,,,,,114.7,625,114.8,200,115.0,512,,,,,,,,,,,,,,
2026-07-02T14:27:44.269570+00:00,2026-07-02T14:27:44.269480,2,3,114.6,0.2,114.5,200,114.3,500,,,,,,,,,,,,,,,,,114.7,625,114.8,200,115.0,512,,,,,,,,,,,,,,
2026-07-02T14:27:44.274841+00:00,2026-07-02T14:27:44.274788,3,3,114.75,0.1,114.7,625,114.5,200,114.3,500,,,,,,,,,,,,,,,114.8,200,114.9,625,115.0,512,,,,,,,,,,,,,,
2026-07-02T14:27:44.569653+00:00,2026-07-02T14:27:44.569263,3,3,114.75,0.1,114.7,625,114.5,200,114.3,500,,,,,,,,,,,,,,,114.8,200,114.9,1125,115.0,12,,,,,,,,,,,,,,
2026-07-02T14:27:44.580874+00:00,2026-07-02T14:27:44.580700,2,3,114.75,0.1,114.7,625,114.3,500,,,,,,,,,,,,,,,,,114.8,200,114.9,1125,115.0,12,,,,,,,,,,,,,,
2026-07-02T14:27:44.586005+00:00,2026-07-02T14:27:44.585957,2,2,114.8,0.2,114.7,625,114.3,500,,,,,,,,,,,,,,,,,114.9,1125,115.0,12,,,,,,,,,,,,,,,,
2026-07-02T14:27:44.591293+00:00,2026-07-02T14:27:44.591173,2,2,114.8,0.2,114.7,825,114.3,500,,,,,,,,,,,,,,,,,114.9,1125,115.0,12,,,,,,,,,,,,,,,,
2026-07-02T14:27:44.596633+00:00,2026-07-02T14:27:44.596474,2,2,114.8,0.2,114.7,825,114.3,500,,,,,,,,,,,,,,,,,114.9,1325,115.0,12,,,,,,,,,,,,,,,,
2026-07-02T14:27:44.764277+00:00,2026-07-02T14:27:44.763976,2,2,114.8,0.2,114.7,826,114.3,500,,,,,,,,,,,,,,,,,114.9,1325,115.0,12,,,,,,,,,,,,,,,,
2026-07-02T14:27:44.785259+00:00,2026-07-02T14:27:44.785094,2,2,114.8,0.2,114.7,825,114.3,500,,,,,,,,,,,,,,,,,114.9,1325,115.0,12,,,,,,,,,,,,,,,,
2026-07-02T14:27:45.121674+00:00,2026-07-02T14:27:45.121568,1,2,114.8,0.2,114.7,825,,,,,,,,,,,,,,,,,,,114.9,1325,115.0,12,,,,,,,,,,,,,,,,
2026-07-02T14:27:45.126950+00:00,2026-07-02T14:27:45.126890,1,2,114.8,0.2,114.7,825,,,,,,,,,,,,,,,,,,,114.9,825,115.0,12,,,,,,,,,,,,,,,,
2026-07-02T14:27:45.132270+00:00,2026-07-02T14:27:45.132212,2,2,114.8,0.2,114.7,825,114.2,500,,,,,,,,,,,,,,,,,114.9,825,115.0,12,,,,,,,,,,,,,,,,
2026-07-02T14:27:45.142828+00:00,2026-07-02T14:27:45.142668,2,2,114.8,0.2,114.7,825,114.2,500,,,,,,,,,,,,,,,,,114.9,1325,115.0,12,,,,,,,,,,,,,,,,
2026-07-02T14:27:45.579606+00:00,2026-07-02T14:27:45.579560,2,2,114.8,0.2,114.7,200,114.2,500,,,,,,,,,,,,,,,,,114.9,700,115.0,12,,,,,,,,,,,,,,,,
2026-07-02T14:27:45.584898+00:00,2026-07-02T14:27:45.584821,2,2,114.8,0.2,114.7,825,114.2,500,,,,,,,,,,,,,,,,,114.9,1325,115.0,12,,,,,,,,,,,,,,,,
2026-07-02T14:27:45.750291+00:00,2026-07-02T14:27:45.750225,1,2,114.8,0.2,114.7,825,,,,,,,,,,,,,,,,,,,114.9,1325,115.0,12,,,,,,,,,,,,,,,,
2026-07-02T14:27:45.755526+00:00,2026-07-02T14:27:45.755502,1,2,114.8,0.2,114.7,825,,,,,,,,,,,,,,,,,,,114.9,825,115.0,12,,,,,,,,,,,,,,,,
2026-07-02T14:27:45.766048+00:00,2026-07-02T14:27:45.765874,2,2,114.8,0.2,114.7,825,114.2,500,,,,,,,,,,,,,,,,,114.9,825,115.0,12,,,,,,,,,,,,,,,,
2026-07-02T14:27:45.771263+00:00,2026-07-02T14:27:45.771137,2,3,114.75,0.1,114.7,825,114.2,500,,,,,,,,,,,,,,,,,114.8,500,114.9,825,115.0,12,,,,,,,,,,,,,,
2026-07-02T14:27:45.802580+00:00,2026-07-02T14:27:45.802528,2,3,114.75,0.1,114.7,625,114.2,500,,,,,,,,,,,,,,,,,114.8,500,114.9,625,115.0,12,,,,,,,,,,,,,,
2026-07-02T14:27:45.807916+00:00,2026-07-02T14:27:45.807767,3,3,114.75,0.1,114.7,425,114.4,200,114.2,500,,,,,,,,,,,,,,,114.8,500,114.9,625,115.0,12,,,,,,,,,,,,,,
2026-07-02T14:27:46.358706+00:00,2026-07-02T14:27:46.357049,2,2,114.8,0.2,114.7,425,114.4,200,,,,,,,,,,,,,,,,,114.9,625,115.0,12,,,,,,,,,,,,,,,,
2026-07-02T14:27:46.369116+00:00,2026-07-02T14:27:46.369014,3,2,114.8,0.2,114.7,425,114.4,200,114.2,500,,,,,,,,,,,,,,,114.9,625,115.0,12,,,,,,,,,,,,,,,,
2026-07-02T14:27:46.379650+00:00,2026-07-02T14:27:46.379503,3,2,114.8,0.2,114.7,425,114.4,200,114.2,500,,,,,,,,,,,,,,,114.9,1125,115.0,12,,,,,,,,,,,,,,,,
2026-07-02T14:27:46.664221+00:00,2026-07-02T14:27:46.663954,3,2,114.8,0.2,114.7,425,114.4,200,114.2,500,,,,,,,,,,,,,,,114.9,1125,115.0,12,,,,,,,,,,,,,,,,
2026-07-02T14:27:46.697293+00:00,2026-07-02T14:27:46.697080,4,2,114.8,0.2,114.7,425,114.6,1,114.4,200,114.2,500,,,,,,,,,,,,,114.9,1125,115.0,12,,,,,,,,,,,,,,,,
2026-07-02T14:27:46.890466+00:00,2026-07-02T14:27:46.890379,3,2,114.75,0.3,114.6,626,114.4,200,114.2,500,,,,,,,,,,,,,,,114.9,500,115.0,12,,,,,,,,,,,,,,,,
2026-07-02T14:27:46.895653+00:00,2026-07-02T14:27:46.895537,3,3,114.7,0.2,114.6,626,114.4,200,114.2,500,,,,,,,,,,,,,,,114.8,625,114.9,500,115.0,12,,,,,,,,,,,,,,
2026-07-02T14:27:46.964241+00:00,2026-07-02T14:27:46.963986,2,2,114.7,0.2,114.6,626,114.4,200,,,,,,,,,,,,,,,,,114.8,625,115.0,12,,,,,,,,,,,,,,,,
2026-07-02T14:27:46.974709+00:00,2026-07-02T14:27:46.974530,3,2,114.7,0.2,114.6,626,114.4,200,114.2,500,,,,,,,,,,,,,,,114.8,625,115.0,12,,,,,,,,,,,,,,,,
2026-07-02T14:27:46.979961+00:00,2026-07-02T14:27:46.979875,3,3,114.7,0.2,114.6,626,114.4,200,114.2,500,,,,,,,,,,,,,,,114.8,625,114.9,500,115.0,12,,,,,,,,,,,,,,
2026-07-02T14:27:47.059233+00:00,2026-07-02T14:27:47.059107,2,3,114.7,0.2,114.6,826,114.2,500,,,,,,,,,,,,,,,,,114.8,825,114.9,500,115.0,12,,,,,,,,,,,,,,
2026-07-02T14:27:47.458716+00:00,2026-07-02T14:27:47.423275,2,3,114.7,0.2,114.6,825,114.2,500,,,,,,,,,,,,,,,,,114.8,825,114.9,500,115.0,12,,,,,,,,,,,,,,
2026-07-02T14:27:47.569515+00:00,2026-07-02T14:27:47.569301,1,2,114.7,0.2,114.6,825,,,,,,,,,,,,,,,,,,,114.8,825,115.0,12,,,,,,,,,,,,,,,,
2026-07-02T14:27:47.574804+00:00,2026-07-02T14:27:47.574635,2,2,114.7,0.2,114.6,825,114.2,500,,,,,,,,,,,,,,,,,114.8,825,115.0,12,,,,,,,,,,,,,,,,
2026-07-02T14:27:47.580202+00:00,2026-07-02T14:27:47.579983,2,2,114.7,0.2,114.6,825,114.2,500,,,,,,,,,,,,,,,,,114.8,1325,115.0,12,,,,,,,,,,,,,,,,
2026-07-02T14:27:48.164082+00:00,2026-07-02T14:27:48.163887,1,2,114.7,0.2,114.6,825,,,,,,,,,,,,,,,,,,,114.8,1325,115.0,12,,,,,,,,,,,,,,,,
2026-07-02T14:27:48.169425+00:00,2026-07-02T14:27:48.169226,1,2,114.7,0.2,114.6,825,,,,,,,,,,,,,,,,,,,114.8,825,115.0,12,,,,,,,,,,,,,,,,
2026-07-02T14:27:48.174793+00:00,2026-07-02T14:27:48.174571,2,2,114.7,0.2,114.6,825,114.3,500,,,,,,,,,,,,,,,,,114.8,825,115.0,12,,,,,,,,,,,,,,,,
2026-07-02T14:27:48.180023+00:00,2026-07-02T14:27:48.179904,2,2,114.7,0.2,114.6,825,114.3,500,,,,,,,,,,,,,,,,,114.8,825,115.0,512,,,,,,,,,,,,,,,,
2026-07-02T14:27:48.195844+00:00,2026-07-02T14:27:48.195668,2,2,114.7,0.2,114.6,200,114.3,500,,,,,,,,,,,,,,,,,114.8,825,115.0,512,,,,,,,,,,,,,,,,
2026-07-02T14:27:48.258665+00:00,2026-07-02T14:27:48.200934,3,3,114.75,0.1,114.7,625,114.6,200,114.3,500,,,,,,,,,,,,,,,114.8,200,114.9,625,115.0,512,,,,,,,,,,,,,,
2026-07-02T14:27:48.269028+00:00,2026-07-02T14:27:48.268937,3,3,114.75,0.1,114.7,625,114.6,200,114.3,500,,,,,,,,,,,,,,,114.8,200,114.9,625,115.0,512,,,,,,,,,,,,,,
2026-07-02T14:27:48.700100+00:00,2026-07-02T14:27:48.700034,3,3,114.75,0.1,114.7,625,114.6,202,114.3,500,,,,,,,,,,,,,,,114.8,200,114.9,625,115.0,512,,,,,,,,,,,,,,
2026-07-02T14:27:48.758647+00:00,2026-07-02T14:27:48.757788,2,3,114.75,0.1,114.7,625,114.6,202,,,,,,,,,,,,,,,,,114.8,200,114.9,625,115.0,512,,,,,,,,,,,,,,
2026-07-02T14:27:48.774994+00:00,2026-07-02T14:27:48.774817,2,3,114.75,0.1,114.7,625,114.6,202,,,,,,,,,,,,,,,,,114.8,200,114.9,625,115.0,12,,,,,,,,,,,,,,
2026-07-02T14:27:48.780240+00:00,2026-07-02T14:27:48.780138,3,3,114.75,0.1,114.7,625,114.6,202,114.4,500,,,,,,,,,,,,,,,114.8,200,114.9,625,115.0,12,,,,,,,,,,,,,,
2026-07-02T14:27:48.790736+00:00,2026-07-02T14:27:48.790653,3,4,114.75,0.1,114.7,625,114.6,202,114.4,500,,,,,,,,,,,,,,,114.8,200,114.9,625,115.0,12,115.1,500,,,,,,,,,,,,
2026-07-02T14:27:49.369735+00:00,2026-07-02T14:27:49.369556,2,4,114.75,0.1,114.7,625,114.6,202,,,,,,,,,,,,,,,,,114.8,200,114.9,625,115.0,12,115.1,500,,,,,,,,,,,,
2026-07-02T14:27:49.374927+00:00,2026-07-02T14:27:49.374841,2,3,114.75,0.1,114.7,625,114.6,202,,,,,,,,,,,,,,,,,114.8,200,114.9,625,115.0,12,,,,,,,,,,,,,,
2026-07-02T14:27:49.385297+00:00,2026-07-02T14:27:49.385226,3,3,114.75,0.1,114.7,625,114.6,202,114.5,500,,,,,,,,,,,,,,,114.8,200,114.9,625,115.0,12,,,,,,,,,,,,,,
2026-07-02T14:27:49.390691+00:00,2026-07-02T14:27:49.390520,3,4,114.75,0.1,114.7,625,114.6,202,114.5,500,,,,,,,,,,,,,,,114.8,200,114.9,625,115.0,12,115.1,500,,,,,,,,,,,,
2026-07-02T14:27:49.427199+00:00,2026-07-02T14:27:49.427059,3,3,114.8,0.2,114.7,625,114.6,2,114.5,500,,,,,,,,,,,,,,,114.9,625,115.0,12,115.1,500,,,,,,,,,,,,,,
2026-07-02T14:27:49.432382+00:00,2026-07-02T14:27:49.432278,3,4,114.75,0.1,114.7,625,114.6,2,114.5,700,,,,,,,,,,,,,,,114.8,200,114.9,625,115.0,12,115.1,500,,,,,,,,,,,,
2026-07-02T14:27:49.564735+00:00,2026-07-02T14:27:49.564579,3,4,114.75,0.1,114.7,625,114.6,2,114.5,700,,,,,,,,,,,,,,,114.8,200,114.9,625,115.0,12,115.1,500,,,,,,,,,,,,
2026-07-02T14:27:49.610440+00:00,2026-07-02T14:27:49.609109,3,4,114.75,0.1,114.7,611,114.6,2,114.5,700,,,,,,,,,,,,,,,114.8,200,114.9,625,115.0,12,115.1,500,,,,,,,,,,,,
2026-07-02T14:27:49.708742+00:00,2026-07-02T14:27:49.708527,3,4,114.75,0.1,114.7,586,114.6,2,114.5,700,,,,,,,,,,,,,,,114.8,200,114.9,625,115.0,12,115.1,500,,,,,,,,,,,,
2026-07-02T14:27:49.713940+00:00,2026-07-02T14:27:49.713774,3,4,114.75,0.1,114.7,586,114.6,2,114.5,700,,,,,,,,,,,,,,,114.8,200,114.9,625,115.0,8,115.1,500,,,,,,,,,,,,
2026-07-02T14:27:49.916378+00:00,2026-07-02T14:27:49.916320,3,4,114.75,0.1,114.7,561,114.6,2,114.5,700,,,,,,,,,,,,,,,114.8,200,114.9,625,115.0,6,115.1,500,,,,,,,,,,,,
2026-07-02T14:27:49.971897+00:00,2026-07-02T14:27:49.971729,3,4,114.75,0.1,114.7,561,114.6,2,114.5,200,,,,,,,,,,,,,,,114.8,200,114.9,625,115.0,6,115.1,500,,,,,,,,,,,,
2026-07-02T14:27:49.972757+00:00,2026-07-02T14:27:49.972165,3,3,114.75,0.1,114.7,561,114.6,2,114.5,200,,,,,,,,,,,,,,,114.8,200,114.9,625,115.0,6,,,,,,,,,,,,,,
2026-07-02T14:27:49.993704+00:00,2026-07-02T14:27:49.993493,3,4,114.75,0.1,114.7,561,114.6,2,114.5,700,,,,,,,,,,,,,,,114.8,200,114.9,625,115.0,6,115.2,500,,,,,,,,,,,,
2026-07-02T14:27:50.126502+00:00,2026-07-02T14:27:50.126421,3,4,114.75,0.1,114.7,536,114.6,2,114.5,700,,,,,,,,,,,,,,,114.8,200,114.9,625,115.0,6,115.2,500,,,,,,,,,,,,
2026-07-02T14:27:50.336960+00:00,2026-07-02T14:27:50.336894,3,4,114.75,0.1,114.7,524,114.6,2,114.5,700,,,,,,,,,,,,,,,114.8,200,114.9,625,115.0,6,115.2,500,,,,,,,,,,,,
2026-07-02T14:27:50.574501+00:00,2026-07-02T14:27:50.574385,3,4,114.75,0.1,114.7,524,114.6,2,114.5,200,,,,,,,,,,,,,,,114.8,200,114.9,625,115.0,6,115.2,500,,,,,,,,,,,,
2026-07-02T14:27:50.579780+00:00,2026-07-02T14:27:50.579712,3,3,114.75,0.1,114.7,524,114.6,2,114.5,200,,,,,,,,,,,,,,,114.8,200,114.9,625,115.0,6,,,,,,,,,,,,,,
2026-07-02T14:27:50.585057+00:00,2026-07-02T14:27:50.585032,3,3,114.75,0.1,114.7,524,114.6,2,114.5,700,,,,,,,,,,,,,,,114.8,200,114.9,625,115.0,6,,,,,,,,,,,,,,
2026-07-02T14:27:50.595645+00:00,2026-07-02T14:27:50.595516,3,4,114.75,0.1,114.7,524,114.6,2,114.5,700,,,,,,,,,,,,,,,114.8,200,114.9,625,115.0,6,115.2,500,,,,,,,,,,,,
2026-07-02T14:27:50.659075+00:00,2026-07-02T14:27:50.658805,3,4,114.75,0.1,114.7,524,114.6,2,114.5,700,,,,,,,,,,,,,,,114.8,189,114.9,625,115.0,6,115.2,500,,,,,,,,,,,,
2026-07-02T14:27:50.664758+00:00,2026-07-02T14:27:50.664604,3,4,114.75,0.1,114.7,524,114.6,202,114.5,500,,,,,,,,,,,,,,,114.8,200,114.9,625,115.0,6,115.2,500,,,,,,,,,,,,
2026-07-02T14:27:50.825288+00:00,2026-07-02T14:27:50.825242,2,4,114.7,0.2,114.6,202,114.5,500,,,,,,,,,,,,,,,,,114.8,200,114.9,625,115.0,6,115.2,500,,,,,,,,,,,,
2026-07-02T14:27:50.830478+00:00,2026-07-02T14:27:50.830447,2,3,114.7,0.2,114.6,827,114.5,500,,,,,,,,,,,,,,,,,114.8,825,115.0,6,115.2,500,,,,,,,,,,,,,,
2026-07-02T14:27:51.178807+00:00,2026-07-02T14:27:51.178670,1,3,114.7,0.2,114.6,827,,,,,,,,,,,,,,,,,,,114.8,825,115.0,6,115.2,500,,,,,,,,,,,,,,
2026-07-02T14:27:51.184145+00:00,2026-07-02T14:27:51.183945,1,2,114.7,0.2,114.6,827,,,,,,,,,,,,,,,,,,,114.8,825,115.0,6,,,,,,,,,,,,,,,,
2026-07-02T14:27:51.189066+00:00,2026-07-02T14:27:51.189197,2,2,114.7,0.2,114.6,827,114.5,500,,,,,,,,,,,,,,,,,114.8,825,115.0,6,,,,,,,,,,,,,,,,
2026-07-02T14:27:51.194298+00:00,2026-07-02T14:27:51.194463,2,3,114.7,0.2,114.6,827,114.5,500,,,,,,,,,,,,,,,,,114.8,825,115.0,6,115.2,500,,,,,,,,,,,,,,
2026-07-02T14:27:51.808118+00:00,2026-07-02T14:27:51.807901,1,3,114.7,0.2,114.6,827,,,,,,,,,,,,,,,,,,,114.8,825,115.0,6,115.2,500,,,,,,,,,,,,,,
2026-07-02T14:27:51.813358+00:00,2026-07-02T14:27:51.813167,1,2,114.7,0.2,114.6,827,,,,,,,,,,,,,,,,,,,114.8,825,115.0,6,,,,,,,,,,,,,,,,
2026-07-02T14:27:51.823784+00:00,2026-07-02T14:27:51.823632,2,2,114.7,0.2,114.6,827,114.5,500,,,,,,,,,,,,,,,,,114.8,825,115.0,6,,,,,,,,,,,,,,,,
2026-07-02T14:27:51.829031+00:00,2026-07-02T14:27:51.828915,2,3,114.7,0.2,114.6,827,114.5,500,,,,,,,,,,,,,,,,,114.8,825,115.0,6,115.2,500,,,,,,,,,,,,,,
2026-07-02T14:27:51.858799+00:00,2026-07-02T14:27:51.858611,2,3,114.7,0.2,114.6,627,114.5,500,,,,,,,,,,,,,,,,,114.8,825,115.0,6,115.2,500,,,,,,,,,,,,,,
2026-07-02T14:27:51.864213+00:00,2026-07-02T14:27:51.863954,3,3,114.75,0.1,114.7,200,114.6,627,114.5,500,,,,,,,,,,,,,,,114.8,625,115.0,206,115.2,500,,,,,,,,,,,,,,
2026-07-02T14:27:52.164429+00:00,2026-07-02T14:27:52.164307,3,3,114.8,0.2,114.7,825,114.6,2,114.5,500,,,,,,,,,,,,,,,114.9,625,115.0,206,115.2,500,,,,,,,,,,,,,,
2026-07-02T14:27:52.407859+00:00,2026-07-02T14:27:52.407758,2,3,114.8,0.2,114.7,825,114.6,2,,,,,,,,,,,,,,,,,114.9,625,115.0,206,115.2,500,,,,,,,,,,,,,,
2026-07-02T14:27:52.413092+00:00,2026-07-02T14:27:52.413027,2,2,114.8,0.2,114.7,825,114.6,2,,,,,,,,,,,,,,,,,114.9,625,115.0,206,,,,,,,,,,,,,,,,
2026-07-02T14:27:52.423591+00:00,2026-07-02T14:27:52.423417,3,2,114.8,0.2,114.7,825,114.6,2,114.4,500,,,,,,,,,,,,,,,114.9,625,115.0,206,,,,,,,,,,,,,,,,
2026-07-02T14:27:52.458827+00:00,2026-07-02T14:27:52.458712,3,3,114.8,0.2,114.7,825,114.6,2,114.4,500,,,,,,,,,,,,,,,114.9,625,115.0,206,115.1,500,,,,,,,,,,,,,,
2026-07-02T14:27:53.065000+00:00,2026-07-02T14:27:53.064861,3,3,114.8,0.2,114.7,625,114.6,2,114.4,500,,,,,,,,,,,,,,,114.9,625,115.0,206,115.1,500,,,,,,,,,,,,,,
2026-07-02T14:27:53.070331+00:00,2026-07-02T14:27:53.070255,3,3,114.8,0.2,114.7,825,114.6,2,114.4,500,,,,,,,,,,,,,,,114.9,625,115.0,6,115.1,500,,,,,,,,,,,,,,
2026-07-02T14:27:53.080686+00:00,2026-07-02T14:27:53.080810,3,3,114.8,0.2,114.7,825,114.6,2,114.4,500,,,,,,,,,,,,,,,114.9,825,115.0,6,115.1,500,,,,,,,,,,,,,,
2026-07-02T14:27:53.469391+00:00,2026-07-02T14:27:53.469220,3,3,114.8,0.2,114.7,825,114.6,2,114.4,500,,,,,,,,,,,,,,,114.9,200,115.0,631,115.1,500,,,,,,,,,,,,,,
2026-07-02T14:27:53.610904+00:00,2026-07-02T14:27:53.610801,2,3,114.8,0.2,114.7,825,114.6,2,,,,,,,,,,,,,,,,,114.9,200,115.0,631,115.1,500,,,,,,,,,,,,,,
2026-07-02T14:27:53.621517+00:00,2026-07-02T14:27:53.621423,2,2,114.8,0.2,114.7,825,114.6,2,,,,,,,,,,,,,,,,,114.9,200,115.0,631,,,,,,,,,,,,,,,,
2026-07-02T14:27:53.626803+00:00,2026-07-02T14:27:53.626697,3,2,114.8,0.2,114.7,825,114.6,2,114.3,500,,,,,,,,,,,,,,,114.9,200,115.0,631,,,,,,,,,,,,,,,,
2026-07-02T14:27:53.632062+00:00,2026-07-02T14:27:53.631958,3,2,114.8,0.2,114.7,825,114.6,2,114.3,500,,,,,,,,,,,,,,,114.9,200,115.0,1131,,,,,,,,,,,,,,,,
2026-07-02T14:27:53.991875+00:00,2026-07-02T14:27:53.991680,3,2,114.8,0.2,114.7,814,114.6,2,114.3,500,,,,,,,,,,,,,,,114.9,200,115.0,1131,,,,,,,,,,,,,,,,
2026-07-02T14:27:54.218232+00:00,2026-07-02T14:27:54.218141,2,2,114.8,0.2,114.7,814,114.6,2,,,,,,,,,,,,,,,,,114.9,200,115.0,1131,,,,,,,,,,,,,,,,
2026-07-02T14:27:54.223279+00:00,2026-07-02T14:27:54.223423,2,2,114.8,0.2,114.7,814,114.6,2,,,,,,,,,,,,,,,,,114.9,200,115.0,631,,,,,,,,,,,,,,,,
2026-07-02T14:27:54.228758+00:00,2026-07-02T14:27:54.228685,3,2,114.8,0.2,114.7,814,114.6,2,114.3,500,,,,,,,,,,,,,,,114.9,200,115.0,631,,,,,,,,,,,,,,,,
2026-07-02T14:27:54.239168+00:00,2026-07-02T14:27:54.239078,3,2,114.8,0.2,114.7,814,114.6,2,114.3,500,,,,,,,,,,,,,,,114.9,200,115.0,1131,,,,,,,,,,,,,,,,
2026-07-02T14:27:54.281078+00:00,2026-07-02T14:27:54.280958,3,1,114.85,0.3,114.7,625,114.6,2,114.3,500,,,,,,,,,,,,,,,115.0,1131,,,,,,,,,,,,,,,,,,
2026-07-02T14:27:54.286182+00:00,2026-07-02T14:27:54.286128,3,1,114.85,0.3,114.7,825,114.6,2,114.3,500,,,,,,,,,,,,,,,115.0,1331,,,,,,,,,,,,,,,,,,
2026-07-02T14:27:54.764160+00:00,2026-07-02T14:27:54.764093,3,1,114.85,0.3,114.7,200,114.6,2,114.3,500,,,,,,,,,,,,,,,115.0,706,,,,,,,,,,,,,,,,,,
2026-07-02T14:27:54.769378+00:00,2026-07-02T14:27:54.769290,3,1,114.85,0.3,114.7,200,114.6,627,114.3,500,,,,,,,,,,,,,,,115.0,706,,,,,,,,,,,,,,,,,,
2026-07-02T14:27:54.774398+00:00,2026-07-02T14:27:54.774519,3,2,114.75,0.1,114.7,200,114.6,627,114.3,500,,,,,,,,,,,,,,,114.8,625,115.0,706,,,,,,,,,,,,,,,,
2026-07-02T14:27:54.822186+00:00,2026-07-02T14:27:54.822064,2,2,114.75,0.1,114.7,200,114.6,627,,,,,,,,,,,,,,,,,114.8,625,115.0,706,,,,,,,,,,,,,,,,
2026-07-02T14:27:54.827457+00:00,2026-07-02T14:27:54.827344,2,2,114.75,0.1,114.7,200,114.6,627,,,,,,,,,,,,,,,,,114.8,625,115.0,206,,,,,,,,,,,,,,,,
2026-07-02T14:27:54.837867+00:00,2026-07-02T14:27:54.837715,3,2,114.75,0.1,114.7,200,114.6,627,114.3,500,,,,,,,,,,,,,,,114.8,625,115.0,206,,,,,,,,,,,,,,,,
2026-07-02T14:27:54.843125+00:00,2026-07-02T14:27:54.842997,3,3,114.75,0.1,114.7,200,114.6,627,114.3,500,,,,,,,,,,,,,,,114.8,625,114.9,500,115.0,206,,,,,,,,,,,,,,
2026-07-02T14:27:55.464710+00:00,2026-07-02T14:27:55.464271,3,3,114.75,0.1,114.7,200,114.6,627,114.2,500,,,,,,,,,,,,,,,114.8,625,114.9,500,115.0,206,,,,,,,,,,,,,,
2026-07-02T14:27:55.485644+00:00,2026-07-02T14:27:55.485607,2,3,114.7,0.2,114.6,627,114.2,500,,,,,,,,,,,,,,,,,114.8,625,114.9,500,115.0,206,,,,,,,,,,,,,,
2026-07-02T14:27:55.490918+00:00,2026-07-02T14:27:55.490862,3,3,114.75,0.1,114.7,200,114.6,627,114.2,500,,,,,,,,,,,,,,,114.8,625,114.9,700,115.0,6,,,,,,,,,,,,,,
2026-07-02T14:27:55.858680+00:00,2026-07-02T14:27:55.807312,3,3,114.75,0.1,114.7,200,114.6,627,114.2,500,,,,,,,,,,,,,,,114.8,625,114.9,700,115.0,5,,,,,,,,,,,,,,
2026-07-02T14:27:56.028242+00:00,2026-07-02T14:27:56.027962,2,3,114.75,0.1,114.7,200,114.6,627,,,,,,,,,,,,,,,,,114.8,625,114.9,700,115.0,5,,,,,,,,,,,,,,
2026-07-02T14:27:56.033369+00:00,2026-07-02T14:27:56.033255,2,3,114.75,0.1,114.7,200,114.6,627,,,,,,,,,,,,,,,,,114.8,625,114.9,200,115.0,5,,,,,,,,,,,,,,
2026-07-02T14:27:56.038636+00:00,2026-07-02T14:27:56.038542,3,3,114.75,0.1,114.7,200,114.6,627,114.2,500,,,,,,,,,,,,,,,114.8,625,114.9,200,115.0,5,,,,,,,,,,,,,,
2026-07-02T14:27:56.058614+00:00,2026-07-02T14:27:56.043837,3,3,114.75,0.1,114.7,200,114.6,627,114.2,500,,,,,,,,,,,,,,,114.8,1125,114.9,200,115.0,5,,,,,,,,,,,,,,
2026-07-02T14:27:56.077418+00:00,2026-07-02T14:27:56.077305,3,3,114.75,0.1,114.7,200,114.6,2,114.2,500,,,,,,,,,,,,,,,114.8,500,114.9,200,115.0,5,,,,,,,,,,,,,,
2026-07-02T14:27:56.082646+00:00,2026-07-02T14:27:56.082541,3,3,114.75,0.1,114.7,200,114.6,627,114.2,500,,,,,,,,,,,,,,,114.8,1125,114.9,200,115.0,5,,,,,,,,,,,,,,
2026-07-02T14:27:56.633074+00:00,2026-07-02T14:27:56.633154,2,3,114.75,0.1,114.7,200,114.6,627,,,,,,,,,,,,,,,,,114.8,1125,114.9,200,115.0,5,,,,,,,,,,,,,,
2026-07-02T14:27:56.638587+00:00,2026-07-02T14:27:56.638438,2,3,114.75,0.1,114.7,200,114.6,627,,,,,,,,,,,,,,,,,114.8,625,114.9,200,115.0,5,,,,,,,,,,,,,,
2026-07-02T14:27:56.643784+00:00,2026-07-02T14:27:56.643740,3,3,114.75,0.1,114.7,200,114.6,627,114.2,500,,,,,,,,,,,,,,,114.8,625,114.9,200,115.0,5,,,,,,,,,,,,,,
2026-07-02T14:27:56.649202+00:00,2026-07-02T14:27:56.649024,3,3,114.75,0.1,114.7,200,114.6,627,114.2,500,,,,,,,,,,,,,,,114.8,625,114.9,700,115.0,5,,,,,,,,,,,,,,
2026-07-02T14:27:56.694513+00:00,2026-07-02T14:27:56.694378,2,3,114.7,0.2,114.6,627,114.2,500,,,,,,,,,,,,,,,,,114.8,625,114.9,700,115.0,5,,,,,,,,,,,,,,
2026-07-02T14:27:56.699707+00:00,2026-07-02T14:27:56.699579,2,3,114.7,0.2,114.6,627,114.2,500,,,,,,,,,,,,,,,,,114.8,625,114.9,500,115.0,5,,,,,,,,,,,,,,
2026-07-02T14:27:56.704975+00:00,2026-07-02T14:27:56.704875,2,3,114.7,0.2,114.6,627,114.2,500,,,,,,,,,,,,,,,,,114.8,425,114.9,500,115.0,205,,,,,,,,,,,,,,
2026-07-02T14:27:56.967034+00:00,2026-07-02T14:27:56.966947,2,3,114.7,0.2,114.6,627,114.2,500,,,,,,,,,,,,,,,,,114.8,425,114.9,500,115.0,203,,,,,,,,,,,,,,
2026-07-02T14:27:57.233382+00:00,2026-07-02T14:27:57.233161,1,3,114.7,0.2,114.6,627,,,,,,,,,,,,,,,,,,,114.8,425,114.9,500,115.0,203,,,,,,,,,,,,,,
2026-07-02T14:27:57.238310+00:00,2026-07-02T14:27:57.238445,1,2,114.7,0.2,114.6,627,,,,,,,,,,,,,,,,,,,114.8,425,115.0,203,,,,,,,,,,,,,,,,
2026-07-02T14:27:57.243802+00:00,2026-07-02T14:27:57.243720,2,2,114.7,0.2,114.6,627,114.2,500,,,,,,,,,,,,,,,,,114.8,425,115.0,203,,,,,,,,,,,,,,,,
2026-07-02T14:27:57.258585+00:00,2026-07-02T14:27:57.254163,2,3,114.7,0.2,114.6,627,114.2,500,,,,,,,,,,,,,,,,,114.8,425,114.9,500,115.0,203,,,,,,,,,,,,,,
2026-07-02T14:27:57.388497+00:00,2026-07-02T14:27:57.388434,2,2,114.75,0.3,114.6,2,114.2,500,,,,,,,,,,,,,,,,,114.9,500,115.0,203,,,,,,,,,,,,,,,,
2026-07-02T14:27:57.393776+00:00,2026-07-02T14:27:57.393690,3,2,114.8,0.2,114.7,625,114.6,2,114.2,500,,,,,,,,,,,,,,,114.9,1125,115.0,203,,,,,,,,,,,,,,,,
2026-07-02T14:27:57.758833+00:00,2026-07-02T14:27:57.758718,3,2,114.8,0.2,114.7,625,114.6,2,114.2,500,,,,,,,,,,,,,,,114.9,1125,115.0,202,,,,,,,,,,,,,,,,
2026-07-02T14:27:57.864001+00:00,2026-07-02T14:27:57.863965,2,2,114.8,0.2,114.7,625,114.6,2,,,,,,,,,,,,,,,,,114.9,625,115.0,202,,,,,,,,,,,,,,,,
2026-07-02T14:27:57.874641+00:00,2026-07-02T14:27:57.874392,3,2,114.8,0.2,114.7,625,114.6,2,114.1,500,,,,,,,,,,,,,,,114.9,625,115.0,202,,,,,,,,,,,,,,,,
2026-07-02T14:27:57.879868+00:00,2026-07-02T14:27:57.879654,3,3,114.75,0.1,114.7,625,114.6,2,114.1,500,,,,,,,,,,,,,,,114.8,500,114.9,625,115.0,202,,,,,,,,,,,,,,
2026-07-02T14:27:57.911234+00:00,2026-07-02T14:27:57.911090,3,3,114.75,0.1,114.7,625,114.6,202,114.1,500,,,,,,,,,,,,,,,114.8,500,114.9,625,115.0,2,,,,,,,,,,,,,,
2026-07-02T14:27:57.916432+00:00,2026-07-02T14:27:57.916340,3,3,114.75,0.1,114.7,625,114.6,202,114.1,500,,,,,,,,,,,,,,,114.8,700,114.9,625,115.0,2,,,,,,,,,,,,,,
2026-07-02T14:27:58.464104+00:00,2026-07-02T14:27:58.463915,2,3,114.75,0.1,114.7,625,114.6,202,,,,,,,,,,,,,,,,,114.8,200,114.9,625,115.0,2,,,,,,,,,,,,,,
2026-07-02T14:27:58.474251+00:00,2026-07-02T14:27:58.474371,3,3,114.75,0.1,114.7,625,114.6,202,114.1,500,,,,,,,,,,,,,,,114.8,200,114.9,625,115.0,2,,,,,,,,,,,,,,
2026-07-02T14:27:58.479761+00:00,2026-07-02T14:27:58.479645,3,3,114.75,0.1,114.7,625,114.6,202,114.1,500,,,,,,,,,,,,,,,114.8,700,114.9,625,115.0,2,,,,,,,,,,,,,,
2026-07-02T14:27:58.700693+00:00,2026-07-02T14:27:58.700566,2,3,114.7,0.2,114.6,202,114.1,500,,,,,,,,,,,,,,,,,114.8,700,114.9,625,115.0,2,,,,,,,,,,,,,,
2026-07-02T14:27:58.705926+00:00,2026-07-02T14:27:58.705845,2,3,114.7,0.2,114.6,827,114.1,500,,,,,,,,,,,,,,,,,114.8,700,114.9,625,115.0,2,,,,,,,,,,,,,,
2026-07-02T14:27:59.064105+00:00,2026-07-02T14:27:59.063823,1,3,114.7,0.2,114.6,827,,,,,,,,,,,,,,,,,,,114.8,700,114.9,625,115.0,2,,,,,,,,,,,,,,
2026-07-02T14:27:59.069284+00:00,2026-07-02T14:27:59.069136,1,3,114.7,0.2,114.6,827,,,,,,,,,,,,,,,,,,,114.8,200,114.9,625,115.0,2,,,,,,,,,,,,,,
2026-07-02T14:27:59.074269+00:00,2026-07-02T14:27:59.074426,2,3,114.7,0.2,114.6,827,114.1,500,,,,,,,,,,,,,,,,,114.8,200,114.9,625,115.0,2,,,,,,,,,,,,,,
2026-07-02T14:27:59.079869+00:00,2026-07-02T14:27:59.079711,2,3,114.7,0.2,114.6,827,114.1,500,,,,,,,,,,,,,,,,,114.8,700,114.9,625,115.0,2,,,,,,,,,,,,,,
2026-07-02T14:27:59.123881+00:00,2026-07-02T14:27:59.123802,2,3,114.7,0.2,114.6,627,114.1,500,,,,,,,,,,,,,,,,,114.8,500,114.9,625,115.0,2,,,,,,,,,,,,,,
2026-07-02T14:27:59.128881+00:00,2026-07-02T14:27:59.129013,3,3,114.7,0.2,114.6,627,114.4,200,114.1,500,,,,,,,,,,,,,,,114.8,500,114.9,625,115.0,2,,,,,,,,,,,,,,
2026-07-02T14:27:59.139556+00:00,2026-07-02T14:27:59.139520,3,3,114.7,0.2,114.6,427,114.4,200,114.1,500,,,,,,,,,,,,,,,114.8,500,114.9,625,115.0,2,,,,,,,,,,,,,,
2026-07-02T14:27:59.664137+00:00,2026-07-02T14:27:59.663991,2,3,114.7,0.2,114.6,427,114.4,200,,,,,,,,,,,,,,,,,114.8,500,114.9,625,115.0,2,,,,,,,,,,,,,,
2026-07-02T14:27:59.669390+00:00,2026-07-02T14:27:59.669312,2,2,114.75,0.3,114.6,427,114.4,200,,,,,,,,,,,,,,,,,114.9,625,115.0,2,,,,,,,,,,,,,,,,
2026-07-02T14:27:59.679959+00:00,2026-07-02T14:27:59.679792,3,2,114.75,0.3,114.6,427,114.4,200,114.1,500,,,,,,,,,,,,,,,114.9,625,115.0,2,,,,,,,,,,,,,,,,
2026-07-02T14:27:59.685178+00:00,2026-07-02T14:27:59.685102,3,3,114.65,0.1,114.6,427,114.4,200,114.1,500,,,,,,,,,,,,,,,114.7,500,114.9,625,115.0,2,,,,,,,,,,,,,,
