timestamp,buy_venue,sell_venue,gap,units,reducing
1786135681.3867738,OB5X_ETF,BASKET,0.7734,24,0
1786135743.2048213,BASKET,OB5X_202706_F,0.1153,43,0
1786135743.27949,FLATTEN,OB5X_202706_F,12.14,12,0
1786135743.760074,OB5X_202703_F,BASKET,0.1442,58,0
1786135751.0747716,BASKET,OB5X_202706_F,0.2737,44,0
1786135751.1321862,BASKET,OB5X_202612_F,0.2321,11,0
1786135755.3918462,OB5X_202706_F,OB5X_ETF,0.4441,40,1
1786135756.234022,OB5X_202612_F,BASKET,0.0531,49,1
1786135756.3375561,OB5X_202703_F,BASKET,0.2579,1,0
1786135757.5576863,OB5X_202612_F,BASKET,0.1523,5,0
1786135757.940887,OB5X_ETF,OB5X_202612_F,0.3117,30,1
1786135808.912704,BASKET,OB5X_202706_F,0.7262,40,0
1786135862.9214897,OB5X_202706_F,BASKET,0.0534,39,1
1786135862.9946141,OB5X_202703_F,BASKET,0.1439,1,0
1786135865.6409183,OB5X_202706_F,OB5X_ETF,0.1397,48,1
1786135868.8182812,OB5X_ETF,OB5X_202612_F,0.1392,48,1
1786135874.9279668,OB5X_202612_F,OB5X_ETF,0.0619,48,1
1786135882.6911378,BASKET,OB5X_202612_F,0.1132,55,1
1786135885.1916113,OB5X_ETF,OB5X_202706_F,0.2611,48,0
1786135885.3058984,BASKET,OB5X_202706_F,0.1482,3,0
1786135918.624757,OB5X_202612_F,BASKET,0.1761,42,1
1786135918.6787302,OB5X_202703_F,BASKET,0.2359,1,0
1786135933.20991,BASKET,OB5X_202706_F,0.2463,36,0
1786135938.0282483,BASKET,OB5X_202706_F,0.1664,1,0
1786135945.8110673,BASKET,OB5X_202612_F,0.1545,5,0
1786135949.0299535,OB5X_202612_F,BASKET,0.0103,8,1
1786135953.88675,OB5X_202706_F,BASKET,0.0921,41,1
1786135953.9457808,OB5X_202703_F,BASKET,0.1583,1,0
1786135954.42293,OB5X_202706_F,OB5X_ETF,0.0526,48,1
1786135956.6827028,BASKET,OB5X_202612_F,0.0566,50,1
1786135957.5732913,OB5X_ETF,OB5X_202703_F,0.4787,48,1
1786135970.757677,OB5X_202612_F,BASKET,0.1817,49,1
1786135998.4768054,BASKET,OB5X_202612_F,0.2636,49,1
1786136046.0416474,OB5X_202612_F,OB5X_ETF,0.0826,48,1
1786136048.2566075,OB5X_ETF,OB5X_202706_F,1.267,48,0
1786136052.4074233,OB5X_202612_F,OB5X_ETF,0.3926,2,0
1786136052.439155,OB5X_202703_F,OB5X_ETF,0.3294,46,0
1786136055.773543,OB5X_ETF,OB5X_202612_F,0.0077,48,1
1786136067.0000844,OB5X_202612_F,BASKET,0.1277,40,1
1786136080.3061326,OB5X_202703_F,BASKET,0.1832,1,0
1786136081.3082685,BASKET,OB5X_202703_F,0.3654,41,1
1786136101.671976,OB5X_202706_F,BASKET,0.1379,47,1
1786136115.693421,OB5X_202703_F,BASKET,0.1679,11,0
1786136131.575233,BASKET,OB5X_202703_F,0.0076,59,1
1786136131.6328185,FLATTEN,OB5X_202612_F,12.26,12,0
1786136133.9746475,OB5X_202612_F,BASKET,0.1672,59,1
1786136195.9681785,OB5X_202612_F,BASKET,0.4387,20,0
1786136196.585972,OB5X_202612_F,BASKET,0.2134,1,0
1786136208.9211988,BASKET,OB5X_202612_F,0.3247,55,1
1786136209.331074,OB5X_202612_F,BASKET,0.1347,55,0
1786136232.9181569,BASKET,OB5X_202706_F,0.1378,45,0
1786136235.0561473,OB5X_202703_F,BASKET,0.1426,12,0
1786136242.6229262,BASKET,OB5X_202612_F,0.2702,27,1
1786136243.0208478,FLATTEN,OB5X_202706_F,-20.24,20,0
1786136290.209628,OB5X_202703_F,OB5X_ETF,0.2844,48,1
1786136293.3861616,OB5X_ETF,OB5X_202612_F,0.2475,48,1
1786136438.961743,OB5X_202612_F,OB5X_ETF,0.1268,48,1
1786136442.1937168,OB5X_ETF,OB5X_202612_F,0.0739,48,1
1786136445.3613107,OB5X_202612_F,OB5X_ETF,0.0282,48,1
1786136448.5542254,OB5X_ETF,OB5X_202612_F,0.2727,48,1
1786136451.7131224,OB5X_202706_F,OB5X_ETF,0.4809,7,1
1786136454.5206687,OB5X_202706_F,OB5X_ETF,0.0806,41,1
1786136493.7244678,OB5X_ETF,OB5X_202706_F,0.2165,48,1
1786136543.5862134,OB5X_202612_F,OB5X_ETF,0.2415,48,1
1786136546.340692,OB5X_202612_F,BASKET,0.6007,2,0
1786136546.7564716,BASKET,OB5X_202703_F,0.62,1,1
1786136547.1978457,OB5X_ETF,OB5X_202703_F,0.3163,44,1
1786136547.6680763,OB5X_ETF,OB5X_202703_F,0.3152,1,0
1786136547.7004197,OB5X_ETF,OB5X_202706_F,0.2797,3,0
1786136549.5769968,OB5X_202703_F,OB5X_ETF,0.1792,48,1
1786136563.6760738,OB5X_202706_F,BASKET,0.7366,1,0
1786136567.1823514,OB5X_ETF,OB5X_202706_F,0.3921,48,0
1786136576.6278915,BASKET,OB5X_202703_F,0.2563,1,1
1786136588.4653413,OB5X_202703_F,BASKET,0.1012,1,0
1786136602.9328828,BASKET,OB5X_202703_F,0.0692,1,1
1786136604.2371504,OB5X_202612_F,BASKET,0.1401,1,0
1786136625.4754117,BASKET,OB5X_202612_F,0.1278,1,1
1786136635.7197394,OB5X_202703_F,BASKET,0.2255,1,0
1786136647.5550547,BASKET,OB5X_202612_F,0.0489,1,1
1786136684.3069415,OB5X_202706_F,OB5X_ETF,0.0068,48,1
1786136692.2036643,OB5X_202703_F,BASKET,0.2118,1,0
1786136695.2039623,BASKET,OB5X_202612_F,0.1723,1,1
1786136702.8609955,OB5X_ETF,OB5X_202703_F,0.0376,48,1
1786136720.508772,OB5X_202706_F,OB5X_ETF,0.0088,42,1
1786136720.6225111,OB5X_ETF,OB5X_202612_F,0.249,42,1
1786136720.6569784,OB5X_202612_F,OB5X_ETF,0.0469,6,1
1786136720.910461,OB5X_202612_F,OB5X_ETF,0.0466,6,1
1786136721.0532594,OB5X_202612_F,BASKET,0.2138,1,0
1786136726.3190484,BASKET,OB5X_ETF,0.2222,1,1
1786136726.8902874,OB5X_202706_F,OB5X_ETF,0.3099,35,0
1786136735.3877232,OB5X_ETF,OB5X_202706_F,0.0798,48,1
1786136806.043744,OB5X_202703_F,OB5X_ETF,0.1918,48,1
1786136809.0931444,OB5X_202703_F,BASKET,0.2259,1,0
1786136816.1379514,OB5X_ETF,OB5X_202706_F,0.2641,48,0
1786136830.1666503,BASKET,OB5X_202612_F,0.142,1,1
1786136888.3395107,OB5X_202706_F,OB5X_ETF,0.0282,48,1
1786136888.539399,FLATTEN,OB5X_202706_F,-53.27,53,0
1786136895.4407618,OB5X_ETF,OB5X_202706_F,0.1767,48,0
1786137059.3852344,OB5X_202706_F,OB5X_ETF,0.2513,48,1
1786137065.354646,OB5X_ETF,OB5X_202703_F,0.007,48,1
1786137068.210992,OB5X_202703_F,BASKET,0.4304,15,0
1786137071.9311733,OB5X_202706_F,OB5X_ETF,0.0609,48,1
1786137072.8518376,OB5X_ETF,OB5X_202706_F,0.3469,48,1
1786137078.7302852,BASKET,OB5X_ETF,0.1981,16,1
1786137078.9794853,OB5X_202706_F,OB5X_ETF,0.2514,32,1
1786137079.1737797,OB5X_ETF,OB5X_202612_F,0.2296,16,1
1786137079.5358438,FLATTEN,OB5X_202612_F,13.44,13,0
1786137085.5066772,OB5X_ETF,OB5X_202703_F,0.2067,32,1
1786137101.0358963,OB5X_202612_F,BASKET,0.3297,7,0
1786137101.3613186,OB5X_202612_F,OB5X_ETF,0.7722,48,1
1786137106.3089914,BASKET,OB5X_202706_F,0.223,7,1
1786137116.4156873,OB5X_ETF,OB5X_202612_F,0.0255,48,1
1786137123.56388,OB5X_202703_F,OB5X_ETF,0.095,48,1
1786137126.1558366,OB5X_ETF,BASKET,0.1473,7,0
1786137126.55982,BASKET,OB5X_202703_F,0.0536,7,1
1786137129.0023448,OB5X_ETF,OB5X_202703_F,0.2959,41,1
1786137153.6029797,OB5X_202703_F,BASKET,0.1959,7,0
1786137153.6568842,OB5X_202612_F,BASKET,0.1735,1,0
1786137158.4432862,OB5X_202703_F,OB5X_ETF,0.2013,48,1
1786137163.0129712,BASKET,OB5X_202706_F,1.0979,8,1
1786137163.0749109,OB5X_ETF,OB5X_202706_F,1.0145,42,1
1786137166.5013046,OB5X_202706_F,OB5X_ETF,0.3538,42,1
1786137166.532356,OB5X_202706_F,BASKET,0.2944,7,0
1786137166.726241,OB5X_202703_F,BASKET,0.7885,1,0
1786137174.3305767,OB5X_ETF,OB5X_202703_F,0.6072,48,1
1786137186.4490747,BASKET,OB5X_202706_F,0.2636,8,1
1786137193.0181606,BASKET,OB5X_202706_F,0.2033,8,1
1786137209.0518718,OB5X_202703_F,OB5X_ETF,0.3864,48,1
1786137270.6793764,OB5X_ETF,BASKET,0.1146,15,0
1786137278.9123938,OB5X_ETF,OB5X_202703_F,0.1011,33,1
1786137287.8836124,BASKET,OB5X_202706_F,0.1325,15,0
1786137316.8802032,OB5X_202703_F,BASKET,0.8003,15,0
1786137316.955415,OB5X_202612_F,OB5X_ETF,0.0765,48,1
1786137319.1132288,OB5X_ETF,OB5X_202612_F,0.0196,48,1
1786137326.4684272,OB5X_202612_F,OB5X_ETF,0.178,48,1
1786137327.3744085,BASKET,OB5X_202612_F,0.1353,15,1
1786137336.4420774,OB5X_202703_F,BASKET,0.5604,15,0
1786137337.7543204,BASKET,OB5X_202612_F,0.0574,15,1
1786137339.0655677,OB5X_202703_F,BASKET,0.1204,15,0
1786137340.3920546,BASKET,OB5X_202612_F,0.0012,15,1
1786137350.7812104,OB5X_ETF,OB5X_202706_F,0.132,48,0
1786137358.164417,OB5X_202612_F,OB5X_ETF,0.0742,48,1
1786137360.2809935,OB5X_ETF,OB5X_202612_F,0.0249,48,1
1786137366.557926,OB5X_202706_F,OB5X_ETF,0.3658,48,1
1786137371.038522,OB5X_ETF,BASKET,0.1213,15,0
1786137373.8730793,OB5X_ETF,OB5X_202703_F,0.1119,33,1
1786137373.904932,BASKET,OB5X_202703_F,0.0667,15,1
1786137395.6886492,OB5X_202612_F,BASKET,0.1478,15,0
1786137462.5303159,BASKET,OB5X_202612_F,0.1248,15,1
1786137467.7833104,BASKET,OB5X_202706_F,0.2899,8,0
1786137481.693238,OB5X_202703_F,OB5X_ETF,0.1738,48,1
1786137481.7273116,FLATTEN,OB5X_202612_F,-12.15,12,0
1786137486.6015046,BASKET,OB5X_202612_F,0.1015,7,0
1786137490.277218,OB5X_202706_F,BASKET,0.1493,6,1
1786137490.3287401,OB5X_202612_F,BASKET,0.1507,1,0
1786137522.6475337,OB5X_ETF,OB5X_202703_F,0.0321,48,1
1786137528.2358878,BASKET,OB5X_202612_F,0.3906,6,0
1786137529.3091943,OB5X_202706_F,OB5X_ETF,0.1529,48,1
1786137538.8064609,OB5X_ETF,OB5X_202706_F,0.2528,48,1
1786137557.1805527,OB5X_202703_F,BASKET,0.1426,5,1
1786137558.5034785,BASKET,OB5X_202706_F,0.6148,5,0
1786137633.839507,OB5X_202703_F,OB5X_ETF,0.0972,48,1
1786137640.2354665,OB5X_ETF,OB5X_202703_F,0.1058,48,1
1786137643.3503773,OB5X_202703_F,OB5X_ETF,0.0922,48,1
1786137644.2412322,OB5X_202612_F,BASKET,0.0374,6,1
1786137644.2973778,OB5X_202706_F,BASKET,0.0257,1,1
1786137646.4856882,BASKET,OB5X_202706_F,0.1426,7,0
1786137646.5575356,OB5X_ETF,OB5X_202703_F,0.1999,48,1
1786137679.0220382,OB5X_202703_F,BASKET,0.0272,6,1
1786137681.9968479,BASKET,OB5X_202612_F,0.4461,6,0
1786137704.1158943,OB5X_202703_F,OB5X_ETF,0.326,48,0
1786137705.4139411,OB5X_ETF,OB5X_202703_F,0.1764,48,1
1786137713.18349,OB5X_202612_F,OB5X_ETF,0.11,48,1
1786137718.0798614,OB5X_ETF,OB5X_202706_F,0.1997,48,0
1786137722.6699255,OB5X_202706_F,OB5X_ETF,0.1048,48,1
1786137732.0727692,OB5X_202706_F,BASKET,0.0019,6,1
1786137732.3314276,OB5X_202706_F,BASKET,0.1875,1,1
1786137737.4561923,BASKET,OB5X_202706_F,0.4815,7,0
1786137774.1371176,OB5X_ETF,BASKET,0.0004,6,1
1786137776.5990038,OB5X_ETF,OB5X_202612_F,0.4763,42,1
1786137779.5749893,BASKET,OB5X_202612_F,0.1425,5,0
1786137782.014052,OB5X_202706_F,BASKET,0.2219,1,1
1786137794.1860452,BASKET,OB5X_202706_F,0.168,1,0
1786137807.5298867,OB5X_202706_F,OB5X_ETF,0.0126,48,1
1786137809.6885905,OB5X_202612_F,BASKET,0.248,16,0
1786137810.9558187,BASKET,OB5X_202612_F,0.401,16,1
1786137811.8506033,OB5X_ETF,OB5X_202706_F,0.1842,48,1
1786137814.9225774,OB5X_202706_F,BASKET,0.5808,3,1
1786137839.0387635,OB5X_202706_F,OB5X_ETF,0.0931,5,1
1786137846.0483265,OB5X_202706_F,OB5X_ETF,0.0998,6,1
1786137849.4276621,OB5X_202612_F,OB5X_ETF,0.2125,37,0
1786137858.937286,OB5X_ETF,OB5X_202612_F,0.0869,16,1
1786137863.3316436,OB5X_ETF,OB5X_202703_F,0.1852,32,0
1786137867.5783687,BASKET,OB5X_202706_F,0.1269,4,0
1786137876.7418063,OB5X_202703_F,BASKET,0.0897,4,1
1786137878.0658753,BASKET,OB5X_202706_F,0.1243,4,0
1786137880.7310996,OB5X_202706_F,OB5X_ETF,0.0991,48,1
1786137881.999058,OB5X_ETF,BASKET,0.1847,4,1
1786137884.1902044,OB5X_ETF,OB5X_202706_F,0.3021,4,1
1786137884.2636993,OB5X_202703_F,OB5X_ETF,0.2077,4,0
1786137884.2968895,OB5X_202612_F,OB5X_ETF,0.1086,4,0
1786137887.4294655,OB5X_ETF,OB5X_202706_F,0.3029,48,1
1786137890.6023533,OB5X_202703_F,OB5X_ETF,0.008,48,1
1786137895.5866344,OB5X_ETF,OB5X_202703_F,0.098,48,1
1786137903.292953,OB5X_202703_F,OB5X_ETF,0.3066,33,1
1786137903.324909,OB5X_202612_F,OB5X_ETF,0.3042,9,0
1786137903.3932912,OB5X_202706_F,OB5X_ETF,0.2976,6,0
1786137906.5428169,OB5X_ETF,OB5X_202703_F,0.093,48,1
1786137912.3828824,BASKET,OB5X_202706_F,1.4908,4,0
1786137915.9840484,OB5X_202706_F,OB5X_ETF,0.4928,48,1
1786137917.0611928,OB5X_202703_F,BASKET,0.0913,4,1
1786137933.2960353,BASKET,OB5X_202612_F,0.1106,4,0
1786137933.800977,OB5X_202612_F,BASKET,0.4165,4,0
1786137938.6294558,BASKET,OB5X_202703_F,0.1086,4,0
1786137941.1653447,OB5X_202703_F,BASKET,0.0584,4,1
1786137944.5841084,OB5X_ETF,OB5X_202706_F,0.1239,48,1
1786137961.3900335,OB5X_202706_F,OB5X_ETF,0.0789,48,1
1786137966.789373,OB5X_ETF,OB5X_202703_F,0.4997,48,0
1786137967.481303,BASKET,OB5X_202703_F,0.1315,4,0
1786137970.924608,OB5X_202706_F,OB5X_ETF,0.1764,25,0
1786137973.135982,OB5X_ETF,OB5X_202706_F,0.1271,25,1
1786137974.1789715,OB5X_202703_F,BASKET,0.1617,4,1
1786137982.5623672,OB5X_202703_F,OB5X_ETF,0.3959,48,1
1786137992.9925323,OB5X_ETF,OB5X_202706_F,0.1273,8,1
1786137993.1043446,OB5X_ETF,OB5X_202703_F,0.111,40,0
1786137995.2124186,BASKET,OB5X_202612_F,0.1387,4,0
1786137995.622179,OB5X_202703_F,OB5X_ETF,0.0815,48,1
1786138004.4342604,OB5X_ETF,OB5X_202706_F,0.2409,48,1
1786138042.858706,OB5X_202703_F,OB5X_ETF,0.6643,48,1
1786138049.201458,OB5X_ETF,OB5X_202612_F,0.0376,48,1
1786138049.8578184,OB5X_202612_F,OB5X_ETF,0.0553,48,1
1786138061.8494046,OB5X_ETF,OB5X_202703_F,0.0363,48,1
1786138063.4803286,OB5X_202706_F,OB5X_ETF,0.0427,48,1
1786138087.082163,OB5X_202703_F,BASKET,0.3,9,1
1786138087.2309048,OB5X_202612_F,BASKET,0.1987,1,0
1786138091.518177,OB5X_202706_F,BASKET,0.1452,1,0
1786138100.2437718,BASKET,OB5X_202706_F,0.2629,10,1
1786138101.5500176,OB5X_202703_F,BASKET,0.0767,9,1
1786138101.8548822,OB5X_202703_F,BASKET,0.1329,1,0
1786138105.0763698,OB5X_ETF,OB5X_202706_F,0.0796,48,1
1786138141.070653,BASKET,OB5X_ETF,0.2514,10,1
1786138141.1258779,OB5X_202706_F,OB5X_ETF,0.0375,38,1
1786138144.2328715,OB5X_ETF,OB5X_202612_F,0.0617,48,1
1786138144.364571,OB5X_202706_F,BASKET,0.068,23,1
1786138156.914749,OB5X_202612_F,OB5X_ETF,0.0365,48,1
1786138168.6024168,BASKET,OB5X_202706_F,0.1949,24,1
1786138172.5138447,OB5X_202703_F,BASKET,0.1173,9,1
1786138175.156106,OB5X_ETF,BASKET,0.2812,1,0
1786138179.4230847,OB5X_ETF,OB5X_202612_F,0.0683,47,1
1786138201.379978,BASKET,OB5X_202703_F,0.024,9,1
1786138205.330837,OB5X_202612_F,BASKET,0.1043,8,1
1786138253.9274745,OB5X_202706_F,BASKET,0.2138,1,0
1786138256.9168131,OB5X_202612_F,OB5X_ETF,0.1267,48,1
1786138259.9232388,OB5X_ETF,OB5X_202612_F,0.4738,15,1
1786138260.7222664,BASKET,OB5X_202612_F,0.0224,9,1
1786138261.4187212,OB5X_ETF,OB5X_202612_F,0.8728,33,1
1786138271.3970416,OB5X_202703_F,BASKET,0.2366,8,1
1786138290.926942,OB5X_202706_F,BASKET,0.1169,1,0
1786138293.0931756,OB5X_202612_F,OB5X_ETF,0.3136,48,1
1786138299.4142907,OB5X_ETF,OB5X_202612_F,0.2886,48,1
1786138324.848429,BASKET,OB5X_202703_F,0.5914,9,1
1786138331.0010757,OB5X_202706_F,BASKET,0.1356,8,1
1786138331.2514472,OB5X_202706_F,BASKET,0.1354,1,0
1786138367.3766277,BASKET,OB5X_202706_F,0.2341,9,1
1786138384.9411852,OB5X_202612_F,OB5X_ETF,0.2147,48,1
1786138389.846384,OB5X_ETF,BASKET,0.0645,8,1
1786138394.4245875,OB5X_ETF,OB5X_202612_F,0.3868,40,1
1786138410.8189576,OB5X_202612_F,BASKET,0.2553,1,0
1786138416.8903577,BASKET,OB5X_202703_F,0.4224,9,0
1786138417.3854778,OB5X_202703_F,BASKET,0.0682,8,1
1786138417.4429774,OB5X_202706_F,BASKET,0.2135,1,0
1786138429.2115538,OB5X_202703_F,OB5X_ETF,0.0337,48,1
1786138432.4267669,OB5X_ETF,OB5X_202703_F,0.0703,48,1
1786138447.581666,OB5X_202703_F,BASKET,0.1097,18,0
1786138447.68133,OB5X_202706_F,BASKET,0.161,1,0
1786138459.3049588,BASKET,OB5X_202703_F,0.0978,28,1
1786138488.052759,OB5X_202706_F,BASKET,0.5602,4,1
1786138502.0400689,BASKET,OB5X_202612_F,0.1278,4,0
1786138565.4665022,OB5X_202703_F,BASKET,0.1,4,1
1786138585.1994658,BASKET,OB5X_202703_F,0.1063,4,0
1786138595.0608387,OB5X_202703_F,BASKET,0.0044,4,1
1786138625.121851,BASKET,OB5X_202706_F,0.1227,4,0
1786138634.4160364,OB5X_202703_F,BASKET,0.1863,4,1
1786138635.333028,OB5X_202703_F,OB5X_ETF,0.7568,46,1
1786138635.3710482,OB5X_202612_F,OB5X_ETF,0.743,2,0
1786138636.8767617,OB5X_ETF,OB5X_202703_F,0.2353,48,1
1786138658.7869697,BASKET,OB5X_202706_F,0.1583,4,0
1786138662.238936,OB5X_202703_F,OB5X_ETF,0.0701,48,1
1786138670.0237308,OB5X_ETF,OB5X_202703_F,0.0321,48,1
1786138673.1904497,OB5X_202706_F,BASKET,0.1275,4,1
1786138673.2422945,OB5X_202706_F,OB5X_ETF,0.1104,48,1
1786138676.3623116,OB5X_ETF,OB5X_202706_F,0.4794,48,1
1786138741.5206947,BASKET,OB5X_202703_F,0.1849,4,0
1786138753.716746,OB5X_202703_F,BASKET,0.078,4,1
1786138793.0891285,BASKET,OB5X_202706_F,0.6721,4,0
1786138798.9164555,OB5X_202612_F,BASKET,0.1744,4,1
1786138803.373226,BASKET,OB5X_202612_F,0.2189,4,0
1786138815.7480562,OB5X_202706_F,OB5X_ETF,0.3971,48,1
1786138823.7883127,OB5X_ETF,OB5X_202706_F,0.1959,48,1
1786138888.6465347,OB5X_202612_F,BASKET,0.1567,4,1
1786138922.0831656,BASKET,OB5X_202612_F,0.1959,4,0
1786138922.6038966,OB5X_202706_F,BASKET,0.1435,4,1
1786139016.3052056,BASKET,OB5X_202706_F,0.7888,4,0
1786139023.5551198,OB5X_202706_F,BASKET,0.0396,4,1
1786139037.4815001,BASKET,OB5X_202612_F,0.3185,4,0
1786139089.7789237,OB5X_202706_F,OB5X_ETF,0.0565,48,1
1786139105.6033742,OB5X_202612_F,BASKET,0.0298,4,1
1786139110.900919,BASKET,OB5X_202706_F,0.3081,4,0
1786139114.7007027,OB5X_202612_F,BASKET,0.0247,4,1
1786139135.842206,OB5X_ETF,OB5X_202706_F,0.2595,48,1
1786139139.0110629,OB5X_202612_F,OB5X_ETF,0.0676,48,1
1786139142.170178,OB5X_ETF,OB5X_202612_F,0.2319,48,1
1786139145.3388038,OB5X_202703_F,OB5X_ETF,0.1914,48,1
1786139148.5024745,OB5X_ETF,OB5X_202703_F,0.3093,48,1
1786139189.7130692,OB5X_202703_F,OB5X_ETF,0.6648,48,1
1786139191.1937437,OB5X_ETF,OB5X_202703_F,0.1233,46,1
1786139191.4513762,OB5X_ETF,OB5X_202703_F,0.1231,1,0
1786139193.4661179,OB5X_ETF,OB5X_202706_F,0.1737,1,0
1786139194.9220119,BASKET,OB5X_202706_F,0.3912,4,0
1786139197.4661503,OB5X_202703_F,OB5X_ETF,0.1707,48,1
1786139200.199488,OB5X_202612_F,BASKET,0.0447,4,1
1786139205.5080805,BASKET,OB5X_202706_F,0.1331,4,0
1786139211.9025774,OB5X_ETF,OB5X_202703_F,0.1326,48,1
1786139233.5639174,OB5X_202706_F,OB5X_ETF,0.2272,48,1
1786139234.1136982,OB5X_202612_F,BASKET,0.1293,4,1
1786139237.0113482,OB5X_ETF,OB5X_202706_F,0.1663,48,1
1786139240.4593303,OB5X_202703_F,OB5X_ETF,0.181,48,1
1786139247.4300563,BASKET,OB5X_202703_F,0.4206,4,0
1786139250.0522807,OB5X_ETF,BASKET,0.2484,4,1
1786139251.016751,OB5X_ETF,OB5X_202706_F,0.1646,44,0
1786139255.3577106,BASKET,OB5X_202703_F,0.4215,4,0
1786139256.2741063,BASKET,OB5X_202706_F,0.1961,4,0
1786139260.2196805,OB5X_202706_F,BASKET,0.1241,8,1
1786139260.277166,OB5X_202612_F,BASKET,0.145,1,0
1786139305.091919,BASKET,OB5X_202706_F,0.1021,9,0
1786139349.9175713,OB5X_202706_F,BASKET,0.0202,8,1
1786139350.1787858,OB5X_202706_F,BASKET,0.007,1,1
1786139354.1768525,BASKET,OB5X_202612_F,0.3358,9,0
1786139395.6100063,OB5X_202612_F,BASKET,0.3425,8,1
1786139395.7164943,OB5X_202706_F,OB5X_ETF,0.2451,48,1
1786139395.87937,OB5X_202706_F,BASKET,0.0562,1,1
1786139396.610884,BASKET,OB5X_202612_F,0.1704,9,0
1786139396.9893343,OB5X_ETF,OB5X_202706_F,0.5377,44,0
1786139397.3985431,FLATTEN,OB5X_202703_F,44.46,44,0
1786139397.5079618,OB5X_202703_F,BASKET,0.0086,8,1
1786139397.7588067,OB5X_202703_F,BASKET,0.1036,1,1
1786139405.2088068,OB5X_202706_F,OB5X_ETF,0.0539,44,1
1786139422.3060255,OB5X_ETF,OB5X_202703_F,0.2082,4,0
1786139427.3901162,OB5X_202612_F,OB5X_ETF,0.4432,4,0
1786139456.8078601,OB5X_ETF,OB5X_202706_F,0.0839,48,1
1786139466.6325285,OB5X_202612_F,OB5X_ETF,0.0113,48,1
1786139479.376137,OB5X_ETF,OB5X_202612_F,0.1004,48,1
1786139535.2865753,BASKET,OB5X_202703_F,0.1386,9,0
1786139545.854704,OB5X_202706_F,BASKET,0.6401,5,1
1786139562.634925,OB5X_202706_F,OB5X_ETF,0.0015,48,1
1786139568.3480263,OB5X_ETF,OB5X_202706_F,0.1052,48,1
1786139659.7981303,BASKET,OB5X_202612_F,0.1465,5,0
1786139661.237894,OB5X_202703_F,BASKET,0.0948,14,1
1786139671.1182356,BASKET,OB5X_202706_F,0.2137,14,0
1786139677.5186262,OB5X_202706_F,BASKET,0.0624,6,1
1786139678.8331947,OB5X_202703_F,BASKET,0.0204,1,1
1786139682.4844098,BASKET,OB5X_202612_F,0.3986,7,0
1786139688.3812697,OB5X_202706_F,OB5X_ETF,0.2133,48,1
1786139692.2335713,OB5X_ETF,BASKET,0.0266,6,1
1786139692.9770572,BASKET,OB5X_202703_F,0.1481,5,0
1786139693.4656978,OB5X_ETF,OB5X_202706_F,0.2905,42,1
1786139723.742477,OB5X_202612_F,BASKET,0.0334,6,1
1786139745.4552882,BASKET,OB5X_202612_F,0.6733,6,0
1786139746.3728778,OB5X_202706_F,BASKET,0.0061,6,1
1786139746.6355312,OB5X_202706_F,BASKET,0.0057,1,1
1786139778.3179688,BASKET,OB5X_202703_F,0.1165,7,0
1786139788.8163784,OB5X_202706_F,BASKET,0.3256,6,1
1786139788.8675308,OB5X_202612_F,BASKET,0.2313,1,1
1786139843.2244697,BASKET,OB5X_202706_F,0.2164,7,0
1786139853.14041,OB5X_202706_F,OB5X_ETF,0.6659,48,1
1786139861.7999873,OB5X_ETF,OB5X_202703_F,1.0547,9,0
1786139863.716292,OB5X_202706_F,BASKET,0.2921,6,0
1786139863.7854676,OB5X_202706_F,OB5X_ETF,0.267,9,0
1786139863.889244,OB5X_202703_F,BASKET,0.2518,1,1
1786139865.012303,OB5X_ETF,OB5X_202706_F,0.3311,48,1
1786139893.949042,BASKET,OB5X_202706_F,0.1327,6,0
1786139897.9031606,OB5X_202703_F,BASKET,0.2139,7,1
1786139897.9609835,OB5X_202612_F,BASKET,0.1646,1,1
1786139899.2161171,BASKET,OB5X_ETF,0.1579,8,0
1786139899.7786348,OB5X_ETF,BASKET,0.1191,7,0
1786139900.1189907,OB5X_ETF,BASKET,0.1191,1,0
1786139902.1912856,BASKET,OB5X_202706_F,0.2142,8,0
1786139903.6124501,OB5X_202706_F,OB5X_ETF,0.7722,1,1
1786139907.0741088,OB5X_202703_F,BASKET,0.1337,7,1
1786139908.8887026,OB5X_ETF,OB5X_202612_F,0.514,1,0
1786139912.012567,OB5X_202703_F,BASKET,0.062,1,1
1786139912.0574744,OB5X_202703_F,OB5X_ETF,0.2311,48,1
1786139913.4272783,OB5X_ETF,OB5X_202703_F,0.0654,48,1
1786139917.3544855,BASKET,OB5X_202706_F,0.1237,8,0
1786139920.7252302,OB5X_202703_F,BASKET,0.1178,7,1
1786139920.7792435,OB5X_202612_F,BASKET,0.0755,1,1
1786139924.9614856,BASKET,OB5X_202612_F,0.3133,8,0
1786139937.3292365,OB5X_202706_F,OB5X_ETF,0.0813,48,1
1786139938.7499044,OB5X_ETF,BASKET,0.0261,7,1
1786139939.8835545,OB5X_ETF,BASKET,0.0516,1,1
1786139940.7585292,OB5X_ETF,OB5X_202706_F,0.7119,40,1
1786139941.5848982,BASKET,OB5X_202706_F,0.3143,8,0
1786139945.1323402,OB5X_202703_F,BASKET,0.0954,7,1
1786139945.1840966,OB5X_202612_F,BASKET,0.0549,1,1
1786139946.8459585,BASKET,OB5X_202703_F,0.1838,2,0
1786139956.9471462,BASKET,OB5X_202706_F,0.4657,7,0
1786139966.1388667,OB5X_202612_F,BASKET,0.0817,8,1
1786139966.394089,OB5X_202612_F,BASKET,0.0815,1,1
1786139977.982214,BASKET,OB5X_202706_F,0.223,8,0
1786139979.8023312,OB5X_202706_F,BASKET,0.1855,7,1
1786139979.912983,OB5X_202706_F,OB5X_ETF,0.2994,48,1
1786139987.3762324,BASKET,OB5X_202612_F,0.4497,8,0
1786139995.271208,OB5X_202612_F,BASKET,0.1175,8,1
1786139995.3316948,OB5X_202706_F,BASKET,0.212,1,0
1786139997.5668094,OB5X_ETF,OB5X_202703_F,0.8486,48,1
1786140000.3616745,FLATTEN,OB5X_202706_F,12.06,12,0
1786140004.3053036,BASKET,OB5X_202703_F,0.4739,8,0
1786140030.5441992,OB5X_202703_F,BASKET,0.2427,7,1
1786140031.856529,BASKET,OB5X_202706_F,0.1295,8,0
1786140095.0824096,OB5X_202703_F,BASKET,0.1552,8,1
1786140095.1884358,OB5X_202706_F,BASKET,0.1084,1,0
1786140098.9658704,OB5X_202703_F,OB5X_ETF,0.2829,48,1
1786140105.2917433,OB5X_ETF,OB5X_202706_F,0.7558,48,1
1786140113.31641,BASKET,OB5X_202706_F,0.4562,6,0
1786140113.3680437,BASKET,OB5X_202612_F,0.4502,3,0
1786140115.882647,OB5X_202706_F,OB5X_ETF,0.4383,48,1
1786140115.9471195,OB5X_202706_F,BASKET,0.1123,8,0
1786140116.1090562,OB5X_202703_F,BASKET,0.145,1,0
1786140117.9495993,OB5X_ETF,OB5X_202706_F,0.062,10,1
1786140122.8132684,OB5X_ETF,OB5X_202706_F,0.2605,38,1
1786140133.7798858,OB5X_202612_F,OB5X_ETF,0.4526,48,1
1786140140.4989479,OB5X_ETF,OB5X_202703_F,0.0191,48,1
1786140149.1025476,OB5X_202706_F,OB5X_ETF,0.036,48,1
1786140157.8437045,OB5X_ETF,OB5X_202706_F,0.5725,48,1
1786140171.138704,BASKET,OB5X_202706_F,0.1791,8,0
1786140173.7679126,OB5X_202703_F,BASKET,0.0991,17,1
1786140182.9588442,BASKET,OB5X_202612_F,0.014,17,1
1786140188.6630154,OB5X_202706_F,BASKET,0.0604,3,1
1786140209.2665243,BASKET,OB5X_202706_F,0.6756,4,0
1786140235.5095456,OB5X_202703_F,BASKET,0.5042,5,1
1786140241.5439558,OB5X_202703_F,OB5X_ETF,0.0735,48,1
1786140248.7997563,OB5X_ETF,OB5X_202703_F,0.0257,48,1
1786140257.8824453,OB5X_202703_F,BASKET,0.4993,8,1
1786140276.268683,BASKET,OB5X_202706_F,0.2445,12,0
1786140286.7684586,OB5X_202706_F,BASKET,0.1291,13,1
1786140301.6226556,BASKET,OB5X_202612_F,0.198,13,1
1786140329.1219447,OB5X_202703_F,BASKET,0.1825,13,1
1786140330.453662,BASKET,OB5X_202703_F,0.0703,13,1
1786140343.2520118,OB5X_202703_F,BASKET,0.1557,13,1
1786140344.8951957,BASKET,OB5X_202703_F,0.0157,13,1
1786140350.3831842,OB5X_202706_F,OB5X_ETF,0.2379,45,1
1786140350.4256332,OB5X_202706_F,BASKET,0.1628,1,0
1786140350.466726,OB5X_202703_F,BASKET,0.2098,12,1
1786140353.8084478,OB5X_ETF,OB5X_202706_F,0.7426,45,1
1786140353.8421738,BASKET,OB5X_202706_F,0.2312,6,0
1786140358.1116824,BASKET,OB5X_202703_F,0.1337,8,0
1786140365.6722069,OB5X_202706_F,OB5X_ETF,0.0616,48,1
1786140371.4235325,OB5X_ETF,OB5X_202706_F,0.1418,48,1
1786140377.749467,OB5X_202703_F,OB5X_ETF,0.0043,48,1
1786140384.0772765,OB5X_ETF,OB5X_202612_F,0.3271,48,1
1786140386.5853877,OB5X_202612_F,BASKET,0.0786,13,1
1786140387.2399054,OB5X_202706_F,OB5X_ETF,0.2811,48,1
1786140403.1062047,OB5X_ETF,OB5X_202612_F,0.7266,48,0
1786140454.860561,BASKET,OB5X_202612_F,0.4722,12,0
1786140469.5474174,OB5X_202706_F,BASKET,0.1339,12,0
1786140482.9411666,BASKET,OB5X_202703_F,0.1497,12,1
1786140494.8397598,OB5X_202612_F,BASKET,0.0314,12,1
1786140515.425584,BASKET,OB5X_202706_F,0.1008,12,1
1786140517.0821297,OB5X_202612_F,OB5X_ETF,0.0946,48,1
1786140520.3298035,OB5X_ETF,OB5X_202706_F,0.1115,48,1
1786140525.6764019,OB5X_202706_F,BASKET,0.0569,12,1
1786140552.0163858,OB5X_202612_F,OB5X_ETF,0.0882,48,1
1786140554.5157344,BASKET,OB5X_202706_F,0.2771,12,0
1786140555.19622,OB5X_ETF,OB5X_202612_F,0.7092,48,1
1786140583.6830516,OB5X_202612_F,OB5X_ETF,0.1892,3,1
1786140583.7169473,OB5X_202706_F,OB5X_ETF,0.1739,8,1
1786140585.1526425,OB5X_202706_F,OB5X_ETF,0.2719,37,1
1786140585.1971712,OB5X_202706_F,BASKET,0.0383,12,1
1786140590.5797799,BASKET,OB5X_202706_F,0.2333,12,0
1786140602.768895,OB5X_ETF,OB5X_202703_F,0.0973,48,1
1786140687.720669,OB5X_202703_F,BASKET,0.127,12,1
1786140691.685105,BASKET,OB5X_202612_F,0.1277,12,0
1786140700.9052043,OB5X_202612_F,BASKET,0.1653,12,1
1786140732.6300337,OB5X_202612_F,OB5X_ETF,0.3556,48,1
1786140742.2006059,OB5X_ETF,OB5X_202706_F,0.5528,48,0
1786140774.6946764,BASKET,OB5X_202612_F,0.154,12,1
1786140802.152325,OB5X_202703_F,BASKET,0.0045,3,1
1786140851.0741107,OB5X_202706_F,BASKET,0.1087,8,1
1786140851.3365455,OB5X_202706_F,BASKET,0.1085,1,1
1786140879.950749,BASKET,OB5X_202612_F,0.4256,12,0
1786140897.3407924,OB5X_202706_F,OB5X_ETF,0.2511,48,1
1786140918.3936143,OB5X_202703_F,BASKET,0.1253,12,0
1786140925.5811791,OB5X_ETF,OB5X_202706_F,0.0627,48,1
1786141003.6957562,BASKET,OB5X_202612_F,0.1433,12,0
1786141084.0997236,OB5X_202706_F,BASKET,0.2302,12,1
1786141124.7476141,OB5X_202706_F,OB5X_ETF,0.5591,32,1
1786141126.1718378,OB5X_ETF,OB5X_202703_F,0.1233,32,1
1786141134.8400354,OB5X_202703_F,OB5X_ETF,0.4751,48,1
1786141202.0115256,OB5X_ETF,OB5X_202703_F,0.1216,48,1
1786141261.5333908,OB5X_202703_F,OB5X_ETF,0.0839,48,1
1786141287.8935215,OB5X_ETF,OB5X_202703_F,0.3212,48,1
1786141401.5395894,OB5X_202706_F,OB5X_ETF,0.2823,48,0
1786141405.1521347,OB5X_ETF,OB5X_202706_F,0.0058,48,1
1786141521.2869706,OB5X_202703_F,OB5X_ETF,0.3212,41,1
1786141521.360678,OB5X_202612_F,OB5X_ETF,0.2826,7,0
1786141527.60741,OB5X_ETF,OB5X_202703_F,0.1768,48,1
1786141537.1039457,OB5X_202612_F,OB5X_ETF,0.0813,48,1
1786141540.2644188,OB5X_ETF,OB5X_202612_F,0.6205,48,1
1786141632.0616813,OB5X_202703_F,OB5X_ETF,0.1253,48,1
1786141641.614652,OB5X_ETF,OB5X_202703_F,0.4777,48,1
1786141777.9815705,OB5X_202612_F,OB5X_ETF,0.1887,48,1
1786141781.145219,OB5X_ETF,OB5X_202612_F,0.3123,48,1
1786141787.4283688,OB5X_202612_F,OB5X_ETF,0.0894,48,1
1786141794.5461183,OB5X_ETF,OB5X_202612_F,0.3136,48,1
1786141822.315356,OB5X_202703_F,OB5X_ETF,0.0367,48,1
1786141831.761269,OB5X_ETF,OB5X_202706_F,0.3819,48,1
1786141841.2632082,OB5X_202706_F,OB5X_ETF,0.3144,48,1
1786141850.2105408,OB5X_ETF,OB5X_202706_F,0.0785,48,1
1786141990.0581152,OB5X_202706_F,OB5X_ETF,0.1144,48,1
1786142002.7156436,OB5X_ETF,OB5X_202706_F,0.2959,48,1
1786142012.1581228,OB5X_202706_F,OB5X_ETF,0.2131,48,1
1786142015.3872662,OB5X_ETF,OB5X_202706_F,0.0895,48,1
1786142053.4083214,OB5X_202612_F,OB5X_ETF,0.4909,48,1
1786142057.801778,OB5X_ETF,OB5X_202703_F,0.0847,48,1
1786142069.2749205,OB5X_202706_F,OB5X_ETF,0.2102,48,1
1786142077.7727091,OB5X_ETF,OB5X_202706_F,0.188,48,1
1786142100.9732933,OB5X_202703_F,OB5X_ETF,0.8214,48,1
1786142104.1290267,OB5X_ETF,OB5X_202612_F,0.9113,48,1
1786142164.3427684,OB5X_202706_F,OB5X_ETF,0.1127,48,1
1786142186.4165072,OB5X_ETF,OB5X_202612_F,0.1025,48,0
1786142224.5214448,OB5X_202612_F,OB5X_ETF,0.0968,48,1
1786142230.8773518,OB5X_ETF,OB5X_202703_F,0.2839,48,1
1786142294.2358024,OB5X_202612_F,OB5X_ETF,0.098,48,1
1786142332.297001,OB5X_ETF,OB5X_202612_F,0.3929,48,1
1786142382.9286373,OB5X_202612_F,OB5X_ETF,0.0003,48,1
1786142417.1452312,OB5X_ETF,OB5X_202706_F,0.0635,48,1
1786142510.4003441,OB5X_202706_F,OB5X_ETF,0.1317,48,1
1786142512.8956609,OB5X_ETF,OB5X_202612_F,0.3867,48,1
1786142541.459521,OB5X_202703_F,OB5X_ETF,0.0353,48,1
1786142547.803487,OB5X_ETF,OB5X_202706_F,0.4714,48,1
1786142554.130813,OB5X_202706_F,OB5X_ETF,0.3382,48,1
1786142566.8173778,OB5X_ETF,OB5X_202703_F,0.1687,48,1
1786142569.925564,OB5X_202612_F,OB5X_ETF,0.113,48,1
1786142576.349831,OB5X_ETF,OB5X_202612_F,0.1899,48,1
1786142725.68923,OB5X_202612_F,OB5X_ETF,0.0073,5,1
1786142731.6337745,OB5X_ETF,OB5X_202706_F,0.439,5,0
1786142795.3498557,OB5X_202706_F,OB5X_ETF,0.162,48,1
1786142804.4908342,OB5X_ETF,OB5X_202706_F,0.7504,48,1
1786142814.0779417,OB5X_202706_F,OB5X_ETF,0.2385,48,1
1786142817.1390023,OB5X_ETF,OB5X_202612_F,0.2062,48,1
1786143099.1337686,OB5X_202703_F,OB5X_ETF,0.1577,48,1
1786143121.3287446,OB5X_ETF,OB5X_202706_F,0.1504,48,1
1786143156.194784,OB5X_202706_F,OB5X_ETF,0.237,48,1
1786143159.367063,OB5X_ETF,OB5X_202706_F,0.1546,48,1
1786143223.0384607,OB5X_202612_F,OB5X_ETF,0.199,48,1
1786143257.632804,OB5X_ETF,OB5X_202703_F,0.4279,48,1
1786143266.0603046,OB5X_202703_F,OB5X_ETF,0.066,48,1
1786143268.7796524,OB5X_ETF,OB5X_202706_F,0.2259,48,0
1786143349.5151913,OB5X_202612_F,OB5X_ETF,0.7176,48,0
1786143359.7739072,OB5X_ETF,OB5X_202706_F,0.2144,48,0
1786143377.456832,OB5X_202706_F,OB5X_ETF,0.1815,48,1
1786143384.5619774,OB5X_ETF,OB5X_202706_F,0.2141,48,0
1786143555.410004,OB5X_202706_F,OB5X_ETF,0.6962,48,1
1786143558.5635822,OB5X_ETF,OB5X_202703_F,0.9405,2,1
1786143558.594538,OB5X_ETF,OB5X_202706_F,0.9026,46,0
1786143618.7296064,OB5X_202706_F,OB5X_ETF,0.3912,48,1
1786143626.6015654,OB5X_202706_F,BASKET,0.0276,15,1
1786143632.1006076,BASKET,OB5X_202703_F,0.1344,16,1
1786143634.5022037,OB5X_202706_F,BASKET,0.1632,2,1
1786143637.022657,OB5X_ETF,OB5X_202703_F,0.044,48,1
1786143644.997536,BASKET,OB5X_202703_F,0.2128,1,0
1786143647.2464793,OB5X_202706_F,OB5X_ETF,0.0878,48,1
1786143659.9836717,OB5X_ETF,OB5X_202706_F,0.0108,48,1
1786143706.7621949,OB5X_202703_F,BASKET,0.0457,1,1
1786143708.638182,OB5X_202703_F,OB5X_ETF,0.0432,28,1
1786143726.5683556,BASKET,OB5X_202612_F,0.5294,1,0
1786143727.9694407,OB5X_202706_F,BASKET,0.0609,1,1
1786143729.8993554,OB5X_202706_F,OB5X_ETF,0.1603,20,0
1786143739.1637113,OB5X_ETF,OB5X_202612_F,0.292,48,1
1786143748.9341185,OB5X_202703_F,OB5X_ETF,0.0316,48,1
1786143767.7907383,OB5X_ETF,OB5X_202612_F,0.096,48,1
1786143780.3570096,OB5X_202612_F,OB5X_ETF,0.0009,48,1
1786143799.7682335,OB5X_ETF,OB5X_202612_F,0.3975,48,1
1786143805.6364903,OB5X_202612_F,OB5X_ETF,0.0047,48,1
1786143808.8594172,OB5X_ETF,OB5X_202703_F,0.2706,48,1
1786143824.8096073,BASKET,OB5X_202703_F,0.1153,1,0
1786143832.5930605,OB5X_202706_F,BASKET,0.1521,1,1
1786143840.5175655,OB5X_202703_F,OB5X_ETF,0.1346,48,1
1786143842.185986,BASKET,OB5X_202703_F,0.1665,1,0
1786143855.3111572,OB5X_202706_F,BASKET,0.0203,1,1
1786143859.5447707,OB5X_ETF,OB5X_202612_F,0.1891,48,1
1786143868.9987757,OB5X_202612_F,OB5X_ETF,0.1137,48,1
1786143875.8107169,OB5X_ETF,OB5X_202612_F,0.0851,48,1
1786143900.689232,OB5X_202612_F,OB5X_ETF,0.3148,48,1
1786143910.813966,BASKET,OB5X_202703_F,0.2477,1,0
1786143913.4068604,OB5X_ETF,OB5X_202703_F,0.3586,48,1
1786143915.2565205,OB5X_202706_F,BASKET,0.2022,1,1
1786143916.9320836,OB5X_202706_F,OB5X_ETF,0.2398,48,1
1786143938.7602339,OB5X_ETF,OB5X_202612_F,0.6883,48,1
1786143987.365808,BASKET,OB5X_202612_F,0.5868,1,0
1786144019.917837,OB5X_202703_F,BASKET,0.078,1,1
1786144057.3240614,OB5X_202703_F,OB5X_ETF,0.046,1,1
1786144057.7867906,BASKET,OB5X_202703_F,0.1526,1,0
1786144058.403434,OB5X_202612_F,BASKET,0.2857,1,1
1786144059.714585,OB5X_202612_F,OB5X_ETF,0.0203,44,1
1786144061.0221772,BASKET,OB5X_202706_F,0.1572,1,0
1786144062.3149605,OB5X_ETF,OB5X_202706_F,0.2345,45,1
1786144071.3204856,OB5X_202706_F,OB5X_ETF,0.0694,48,1
1786144078.4612284,OB5X_ETF,OB5X_202706_F,0.3375,48,1
1786144080.7606175,OB5X_202703_F,BASKET,0.2245,1,1
1786144084.836032,BASKET,OB5X_202706_F,0.4713,1,0
1786144085.5261776,OB5X_202706_F,BASKET,0.0271,1,1
1786144087.6548846,OB5X_202706_F,OB5X_ETF,0.2556,3,1
1786144087.6881313,OB5X_202612_F,OB5X_ETF,0.2193,45,0
1786144088.9197643,BASKET,OB5X_202703_F,0.1555,1,0
1786144090.8198955,OB5X_ETF,OB5X_202703_F,0.5431,48,0
1786144116.0480232,OB5X_202706_F,BASKET,0.0266,1,1
1786144153.131863,BASKET,OB5X_202612_F,0.2843,1,0
1786144154.1759968,OB5X_202703_F,OB5X_ETF,0.4635,48,1
1786144169.4201999,OB5X_ETF,OB5X_202706_F,0.1023,48,0
1786144170.0135329,OB5X_202703_F,OB5X_ETF,0.2686,48,1
1786144184.69427,OB5X_ETF,BASKET,0.1043,1,1
1786144192.1623433,OB5X_ETF,OB5X_202612_F,0.3594,47,1
1786144193.8938498,BASKET,OB5X_202612_F,0.4369,1,0
1786144236.4341874,OB5X_202706_F,BASKET,0.0172,1,1
1786144268.191055,OB5X_202706_F,OB5X_ETF,0.3996,48,1
1786144279.3689773,BASKET,OB5X_202703_F,0.1294,1,0
1786144290.3359637,OB5X_ETF,OB5X_202703_F,0.0218,48,1
1786144295.5257564,OB5X_202706_F,OB5X_ETF,0.2023,48,0
1786144296.5062087,OB5X_202703_F,BASKET,0.0012,1,1
1786144303.0246105,OB5X_ETF,OB5X_202706_F,0.1099,48,1
1786144307.0436893,BASKET,OB5X_202703_F,0.3279,1,0
1786144309.4983854,OB5X_202706_F,OB5X_ETF,0.6938,48,0
1786144314.4296904,OB5X_202703_F,BASKET,0.146,1,1
1786144338.8445659,OB5X_ETF,OB5X_202706_F,0.222,44,1
1786144341.066493,OB5X_ETF,OB5X_202706_F,0.4102,4,0
1786144382.1477191,OB5X_202612_F,BASKET,0.1161,11,1
1786144412.2972934,BASKET,OB5X_202706_F,0.0834,12,1
1786144458.3437238,OB5X_202706_F,OB5X_ETF,0.2989,48,1
1786144459.046758,OB5X_202703_F,BASKET,0.0462,12,1
1786144475.8424766,BASKET,OB5X_202706_F,0.0759,12,1
1786144480.5373068,OB5X_ETF,OB5X_202706_F,0.1078,48,1
1786144489.935942,OB5X_202706_F,BASKET,0.0164,12,1
1786144518.560346,OB5X_202706_F,OB5X_ETF,0.1943,48,1
1786144581.290692,BASKET,OB5X_202612_F,0.0104,12,1
1786144585.1219647,OB5X_202703_F,BASKET,0.0336,12,1
1786144589.8213606,OB5X_ETF,OB5X_202706_F,0.0903,48,1
1786144600.27641,OB5X_202706_F,OB5X_ETF,0.009,48,1
1786144610.4485314,OB5X_ETF,OB5X_202703_F,0.5301,48,1
1786144635.9644473,BASKET,OB5X_202706_F,0.2073,12,1
1786144668.880959,OB5X_202703_F,BASKET,0.1287,12,1
1786144683.9901116,BASKET,OB5X_ETF,0.1674,12,1
1786144684.509455,OB5X_202706_F,OB5X_ETF,0.3029,36,0
1786144689.8569617,OB5X_ETF,OB5X_202703_F,0.2299,48,0
1786144725.532875,OB5X_202703_F,BASKET,0.4795,12,1
1786144744.2705295,BASKET,OB5X_202612_F,0.1197,12,0
1786144749.6598566,OB5X_202703_F,BASKET,0.0526,12,1
1786144757.5593197,BASKET,OB5X_202706_F,0.0738,12,1
1786144759.320733,OB5X_202703_F,OB5X_ETF,0.071,48,1
1786144768.8254757,OB5X_ETF,OB5X_202612_F,0.7498,48,0
1786144769.1458883,FLATTEN,OB5X_202706_F,52.41,52,0
1786144787.8111048,OB5X_202706_F,OB5X_ETF,0.5981,48,1
1786144789.1067188,OB5X_202703_F,BASKET,0.0048,12,1
1786144790.0397575,BASKET,OB5X_202706_F,0.0739,12,1
1786144795.8007374,OB5X_ETF,BASKET,0.0656,3,1
1786144799.2861362,BASKET,OB5X_202703_F,0.6878,4,1
1786144803.660148,OB5X_ETF,OB5X_202703_F,0.2229,45,1
1786144816.7246442,OB5X_202612_F,BASKET,0.0737,13,1
1786144819.5163128,OB5X_202703_F,OB5X_ETF,0.2806,48,1
1786144831.2852652,BASKET,OB5X_202703_F,0.0271,12,1
1786144835.2559645,OB5X_202612_F,BASKET,0.0496,12,1
1786144879.6780338,BASKET,OB5X_202703_F,0.1379,12,0
1786144901.7212067,OB5X_202612_F,BASKET,0.2346,5,0
1786144936.685307,OB5X_ETF,OB5X_202706_F,0.2849,48,1
1786144938.902971,OB5X_202703_F,BASKET,0.3118,6,0
1786144939.8469424,OB5X_202703_F,OB5X_ETF,0.1969,48,1
1786144949.3775403,OB5X_ETF,BASKET,0.3198,1,0
1786144950.6904807,BASKET,OB5X_202703_F,0.1882,12,1
1786144951.0804605,OB5X_202706_F,BASKET,0.2439,12,1
1786144952.5038712,OB5X_202706_F,OB5X_ETF,0.4036,1,0
1786144955.6674454,OB5X_ETF,OB5X_202612_F,0.2549,45,1
1786144955.699823,OB5X_ETF,OB5X_202703_F,0.2034,3,0
1786144965.3276813,BASKET,OB5X_ETF,0.1413,12,1
1786144968.3155735,OB5X_ETF,OB5X_202612_F,0.156,12,0
1786144971.4409308,OB5X_202612_F,OB5X_ETF,0.0412,48,1
1786144973.1481016,OB5X_202706_F,BASKET,0.2247,12,1
1786144975.774174,BASKET,OB5X_202703_F,0.1151,12,1
1786144978.3209145,OB5X_ETF,BASKET,0.1799,12,1
1786144982.5144427,OB5X_ETF,OB5X_202706_F,0.0018,36,1
1786144998.02116,BASKET,OB5X_ETF,0.5001,12,1
1786144999.5364652,OB5X_202706_F,BASKET,0.0451,12,1
1786145003.4817142,OB5X_202706_F,OB5X_ETF,0.0932,36,1
1786145015.8408072,OB5X_ETF,OB5X_202703_F,0.3212,48,1
1786145025.23271,OB5X_202703_F,OB5X_ETF,0.18,48,1
1786145047.440887,OB5X_ETF,OB5X_202703_F,0.0138,48,1
1786145050.6062794,OB5X_202703_F,OB5X_ETF,0.0843,48,1
1786145063.2976394,OB5X_ETF,OB5X_202703_F,0.1151,48,1
1786145065.1633208,BASKET,OB5X_202706_F,0.0284,12,1
1786145066.4773679,OB5X_202612_F,BASKET,0.1185,9,0
1786145066.729511,BASKET,OB5X_202706_F,0.0868,9,1
1786145077.1235414,OB5X_202706_F,OB5X_ETF,0.1008,48,0
1786145080.5446203,OB5X_ETF,OB5X_202706_F,0.1944,48,1
1786145218.374453,OB5X_202703_F,BASKET,0.1938,12,1
1786145232.3732355,BASKET,OB5X_202612_F,0.0364,12,1
1786145310.3518267,OB5X_202703_F,BASKET,0.1301,12,1
1786145316.669446,BASKET,OB5X_202612_F,0.0131,12,1
1786145345.1274579,OB5X_202612_F,BASKET,0.0064,12,1
1786145355.7884116,BASKET,OB5X_202612_F,0.1796,12,1
1786145368.0048926,OB5X_202703_F,OB5X_ETF,0.0954,34,1
1786145373.7167797,OB5X_202612_F,OB5X_ETF,0.143,14,0
1786145399.0831954,OB5X_ETF,OB5X_202612_F,0.6482,48,1
1786145437.052375,OB5X_202612_F,BASKET,0.046,12,1
1786145438.7363179,BASKET,OB5X_202703_F,0.8323,12,1
1786145489.9710236,OB5X_202612_F,BASKET,0.2382,12,1
1786145527.0053055,BASKET,OB5X_ETF,0.0735,12,1
1786145528.5785284,OB5X_202706_F,OB5X_ETF,0.3017,36,0
1786145528.9841666,OB5X_ETF,BASKET,0.0378,12,1
1786145531.79487,OB5X_ETF,OB5X_202706_F,0.0021,36,1
1786145532.0815856,OB5X_202706_F,OB5X_ETF,0.1936,12,0
1786145532.2355042,OB5X_202703_F,OB5X_ETF,0.1973,36,0
1786145535.617111,OB5X_ETF,OB5X_202706_F,0.3017,48,1
1786145541.2862062,BASKET,OB5X_202703_F,0.1192,12,1
1786145554.3260338,OB5X_202612_F,OB5X_ETF,0.0599,48,1
1786145560.6515353,OB5X_ETF,OB5X_202703_F,0.7834,48,1
1786145566.2728105,OB5X_202706_F,BASKET,0.4313,12,1
1786145566.8832898,BASKET,OB5X_202706_F,0.1692,12,0
1786145585.9753113,OB5X_202706_F,OB5X_ETF,0.1263,48,1
1786145598.638271,OB5X_ETF,OB5X_202706_F,0.278,48,1
1786145674.626355,OB5X_202706_F,OB5X_ETF,0.0304,48,1
1786145699.103158,OB5X_202703_F,BASKET,0.2616,12,1
1786145713.9733224,OB5X_ETF,OB5X_202706_F,0.0592,48,1
1786145714.0250177,BASKET,OB5X_202706_F,0.4739,12,0
1786145717.6663222,OB5X_202706_F,OB5X_ETF,0.3287,48,1
1786145721.5014765,OB5X_ETF,BASKET,0.0887,12,1
1786145725.3351965,OB5X_ETF,OB5X_202612_F,0.025,36,1
1786145737.331941,BASKET,OB5X_202612_F,0.2983,12,0
1786145741.1862032,OB5X_202703_F,OB5X_ETF,0.3301,48,1
1786145749.8723102,OB5X_202612_F,BASKET,0.0192,12,1
1786145796.8440704,BASKET,OB5X_202703_F,0.0247,12,1
1786145800.8129225,OB5X_202612_F,BASKET,0.0406,12,1
1786145810.8976934,OB5X_ETF,OB5X_202612_F,0.352,48,1
1786145850.5419464,BASKET,OB5X_202703_F,0.1182,12,1
1786145871.0146139,OB5X_202703_F,OB5X_ETF,0.3906,48,0
1786145874.2389688,OB5X_ETF,OB5X_202703_F,0.4023,48,1
1786145879.479199,OB5X_202612_F,BASKET,0.0264,12,1
1786145883.470357,BASKET,OB5X_ETF,0.0174,12,1
1786145886.0726678,OB5X_202612_F,BASKET,0.0146,12,1
1786145886.8461146,OB5X_202612_F,OB5X_ETF,0.1607,36,1
1786145902.976075,OB5X_ETF,OB5X_202612_F,0.3382,48,1
1786145907.5188687,BASKET,OB5X_202703_F,0.2462,12,1
1786145937.6638474,OB5X_202703_F,BASKET,0.3311,12,0
1786145961.1707146,BASKET,OB5X_202703_F,0.1744,12,1
1786145997.6282945,OB5X_202612_F,BASKET,0.0229,12,1
1786146083.7293396,BASKET,OB5X_ETF,0.0028,12,1
1786146086.3896844,OB5X_ETF,BASKET,0.135,12,0
1786146089.2364726,BASKET,OB5X_202703_F,0.0005,12,1
1786146095.107977,OB5X_202703_F,BASKET,0.1503,2,1
1786146095.1502495,OB5X_202612_F,BASKET,0.1436,9,0
1786146095.4091463,OB5X_202612_F,BASKET,0.1433,1,0
1786146108.6961727,BASKET,OB5X_202703_F,0.1312,12,0
1786146169.2316473,OB5X_202706_F,BASKET,0.218,12,0
1786146195.6626723,BASKET,OB5X_202706_F,0.0141,12,1
1786146224.5196118,OB5X_202703_F,BASKET,0.0803,3,1
1786146229.780525,BASKET,OB5X_ETF,0.3762,3,0
1786146232.4139695,BASKET,OB5X_ETF,0.6136,3,0
1786146232.6195536,OB5X_202706_F,OB5X_ETF,0.3606,42,0
1786146233.8386405,OB5X_202703_F,BASKET,0.4982,6,1
1786146233.8862293,OB5X_202612_F,BASKET,0.6832,1,1
1786146238.3296328,BASKET,OB5X_202703_F,0.2078,6,0
1786146247.0212736,OB5X_ETF,BASKET,0.0005,5,1
1786146259.277314,BASKET,OB5X_202612_F,0.1529,5,0
1786146262.7913718,OB5X_202703_F,BASKET,0.0066,5,1
1786146276.3879898,OB5X_202706_F,OB5X_ETF,0.2681,5,0
1786146295.757774,OB5X_ETF,OB5X_202612_F,0.1583,48,0
1786146389.2786734,BASKET,OB5X_202612_F,0.106,5,0
1786146396.6986477,OB5X_202612_F,BASKET,0.0016,5,1
1786146471.860413,BASKET,OB5X_202612_F,0.1686,5,0
1786146478.1494405,OB5X_202703_F,OB5X_ETF,0.0251,48,1
1786146479.41646,OB5X_ETF,OB5X_202703_F,0.1781,48,1
1786146484.9835622,OB5X_202612_F,BASKET,0.272,5,1
1786146485.554743,OB5X_202612_F,OB5X_ETF,0.3207,48,1
1786146499.2006638,OB5X_ETF,OB5X_202703_F,0.2804,48,0
1786146504.5421245,OB5X_202703_F,OB5X_ETF,0.225,48,1
1786146515.3670707,OB5X_ETF,BASKET,0.0478,12,1
1786146520.374445,OB5X_ETF,OB5X_202706_F,0.273,36,1
1786146531.153651,BASKET,OB5X_ETF,0.0572,12,1
1786146539.4020083,OB5X_ETF,OB5X_202612_F,0.1833,12,0
1786146549.583982,OB5X_202703_F,BASKET,0.1541,13,1
1786146549.6517618,OB5X_202706_F,BASKET,0.1631,1,0
1786146555.2543604,OB5X_202612_F,OB5X_ETF,0.3154,48,1
1786146562.7627842,BASKET,OB5X_202612_F,0.3254,19,1
1786146571.090879,OB5X_ETF,OB5X_202703_F,0.0871,48,1
1786146639.4249525,OB5X_202703_F,OB5X_ETF,0.0002,26,1
1786146642.7568805,OB5X_ETF,OB5X_202706_F,0.092,26,1
1786146700.882032,OB5X_202703_F,OB5X_ETF,0.3043,48,1
1786146719.933964,OB5X_ETF,OB5X_202612_F,0.5843,48,1
1786146761.1840699,OB5X_202706_F,OB5X_ETF,0.1532,48,1
1786146770.656388,OB5X_ETF,OB5X_202703_F,0.266,48,1
1786146773.7790403,OB5X_202703_F,OB5X_ETF,0.0358,48,1
1786146815.1779542,OB5X_ETF,OB5X_202703_F,0.1844,48,1
1786147065.2568433,OB5X_202703_F,OB5X_ETF,0.3582,48,1
1786147070.2525053,OB5X_ETF,OB5X_202706_F,0.1146,48,1
1786147154.0323112,OB5X_202706_F,OB5X_ETF,0.5834,48,1
1786147157.1927288,OB5X_ETF,OB5X_202706_F,0.4115,48,1
1786147176.1825824,OB5X_202612_F,OB5X_ETF,0.4545,48,1
1786147185.6877728,OB5X_ETF,OB5X_202612_F,0.4469,48,1
1786147249.1647158,OB5X_202612_F,OB5X_ETF,0.2443,48,1
1786147252.3855698,OB5X_ETF,OB5X_202703_F,0.2244,48,1
1786147334.7339368,OB5X_202706_F,OB5X_ETF,0.0618,48,1
1786147347.3720262,OB5X_ETF,OB5X_202612_F,0.0865,48,1
1786147375.8895643,OB5X_202612_F,OB5X_ETF,0.4199,48,1
1786147390.8783529,OB5X_ETF,OB5X_202706_F,0.4488,48,1
1786147714.9614654,OB5X_202706_F,OB5X_ETF,0.2666,48,1
1786147722.7731876,OB5X_ETF,BASKET,0.019,4,1
1786147730.7596781,OB5X_202706_F,OB5X_ETF,1.2564,4,0
1786147750.7635055,BASKET,OB5X_202612_F,0.1536,4,0
1786147796.500235,OB5X_202703_F,BASKET,0.2458,4,1
1786147800.4439933,OB5X_ETF,OB5X_202612_F,0.2591,48,0
1786147814.9890037,BASKET,OB5X_202706_F,0.5174,4,0
1786147816.2914662,OB5X_202703_F,OB5X_ETF,0.1751,48,1
1786147820.7996492,OB5X_ETF,OB5X_202706_F,0.0257,48,1
1786147824.482155,OB5X_202703_F,BASKET,0.1548,4,0
1786147837.3860507,BASKET,OB5X_202612_F,0.4234,4,0
1786147844.777562,OB5X_202706_F,OB5X_ETF,0.0675,48,1
1786147848.7753544,OB5X_ETF,OB5X_202706_F,0.0298,48,1
1786147879.521704,OB5X_202703_F,BASKET,0.211,4,0
1786147879.6492906,OB5X_202703_F,OB5X_ETF,0.3719,48,0
1786147881.0495565,BASKET,OB5X_202703_F,0.1369,4,0
1786147883.4700391,OB5X_202706_F,BASKET,0.5054,4,1
1786147892.8351262,OB5X_ETF,OB5X_202703_F,0.5324,2,1
1786147895.48711,OB5X_ETF,OB5X_202703_F,0.0283,46,1
1786147930.278672,OB5X_202612_F,OB5X_ETF,0.238,48,1
1786147936.6646233,OB5X_ETF,OB5X_202703_F,0.7376,48,1
1786148044.9569986,OB5X_202706_F,OB5X_ETF,0.031,48,1
1786148076.4467773,OB5X_ETF,OB5X_202706_F,0.0768,48,1
1786148223.6272213,OB5X_202706_F,OB5X_ETF,0.3088,48,1
1786148226.7019906,OB5X_ETF,OB5X_202706_F,0.6787,48,1
1786148303.9838917,OB5X_202703_F,OB5X_ETF,0.1568,48,1
1786148314.3630743,OB5X_ETF,OB5X_202703_F,0.1485,48,1
1786148465.390672,OB5X_202612_F,BASKET,0.1427,14,1
1786148478.288189,OB5X_202703_F,OB5X_ETF,0.0063,48,1
1786148479.4699192,BASKET,OB5X_202703_F,0.0164,14,1
1786148483.0002375,OB5X_202706_F,BASKET,0.202,14,1
1786148488.5310273,BASKET,OB5X_202703_F,0.0333,6,1
1786148489.5003295,BASKET,OB5X_202703_F,0.1065,8,1
1786148490.559469,OB5X_202703_F,BASKET,0.3743,13,0
1786148500.4359915,OB5X_ETF,OB5X_202703_F,0.0934,48,1
1786148502.7233534,BASKET,OB5X_202612_F,0.0286,13,1
1786148506.7907088,OB5X_202612_F,OB5X_ETF,0.5244,48,1
1786148523.9489179,OB5X_ETF,BASKET,0.0027,13,1
1786148524.463527,OB5X_ETF,OB5X_202706_F,0.1209,35,1
1786148528.493225,BASKET,OB5X_202612_F,0.0302,13,1
1786148544.8471587,OB5X_202706_F,OB5X_ETF,0.1873,48,1
1786148551.1761222,OB5X_ETF,OB5X_202612_F,0.0653,48,1
1786148622.6298614,OB5X_202612_F,BASKET,0.0908,13,1
1786148623.9214919,BASKET,OB5X_ETF,0.2147,13,1
1786148624.0423832,FLATTEN,OB5X_202703_F,17.19,17,0
1786148633.6061642,OB5X_202706_F,OB5X_ETF,0.1921,48,0
1786148642.5230582,OB5X_ETF,BASKET,0.0429,13,1
1786148652.621747,OB5X_202703_F,OB5X_ETF,0.2358,13,0
1786148655.797228,OB5X_ETF,OB5X_202706_F,0.1038,48,1
1786148657.015083,BASKET,OB5X_202706_F,0.2216,13,1
1786148665.30178,OB5X_202612_F,OB5X_ETF,0.0492,48,1
1786148677.979073,OB5X_ETF,BASKET,0.2025,13,1
1786148678.063155,OB5X_ETF,OB5X_202706_F,0.1018,35,1
1786148689.864382,OB5X_202706_F,BASKET,0.1648,13,0
1786148722.7391655,BASKET,OB5X_202612_F,0.0344,26,1
1786148731.6924112,OB5X_202703_F,OB5X_ETF,0.0208,48,1
1786148731.9904892,OB5X_ETF,BASKET,0.0101,12,1
1786148747.6522274,OB5X_ETF,OB5X_202703_F,0.1843,36,1
1786148756.1731513,BASKET,OB5X_202706_F,0.364,12,0
1786148791.7044713,OB5X_202703_F,BASKET,0.0148,12,1
1786148792.822661,BASKET,OB5X_ETF,0.1307,12,1
1786148807.1111507,OB5X_202703_F,BASKET,0.1567,12,1
1786148812.0461166,OB5X_202706_F,OB5X_ETF,0.078,36,1
1786148820.5686634,OB5X_ETF,OB5X_202703_F,0.3828,48,1
1786148826.8608773,BASKET,OB5X_202706_F,0.1824,12,1
1786148861.7774518,OB5X_202703_F,OB5X_ETF,0.2072,48,1
1786148880.7616727,OB5X_ETF,BASKET,0.0494,12,1
1786148905.9944391,BASKET,OB5X_202703_F,0.2608,12,1
1786148906.1674235,OB5X_ETF,OB5X_202612_F,0.6977,36,1
1786148917.996271,OB5X_202612_F,BASKET,0.0469,12,1
1786148927.5004601,BASKET,OB5X_202612_F,0.1703,12,0
1786148934.9051442,OB5X_202612_F,BASKET,0.0555,12,1
1786148944.188964,OB5X_202612_F,OB5X_ETF,0.4959,48,1
1786148950.534724,OB5X_ETF,OB5X_202612_F,0.4043,48,1
1786148956.1472902,BASKET,OB5X_202706_F,0.1224,12,0
1786148964.023239,OB5X_202612_F,BASKET,0.0488,12,1
1786148979.051112,OB5X_202706_F,OB5X_ETF,0.3594,48,1
1786148991.560097,BASKET,OB5X_202706_F,0.1368,12,1
1786148993.242583,OB5X_ETF,OB5X_202706_F,0.0365,48,1
1786148994.8841712,OB5X_202706_F,OB5X_ETF,0.3645,48,1
1786149001.5042334,OB5X_ETF,OB5X_202706_F,0.0316,48,1
1786149036.0805786,OB5X_202703_F,OB5X_ETF,0.0258,48,1
1786149039.2714443,OB5X_ETF,OB5X_202612_F,0.1926,48,1
1786149042.9758413,OB5X_202612_F,BASKET,0.1107,12,1
1786149067.7635462,OB5X_202706_F,OB5X_ETF,0.1913,48,1
1786149074.615233,OB5X_ETF,OB5X_202706_F,0.1089,48,1
1786149080.4430618,BASKET,OB5X_ETF,0.4323,12,0
1786149080.4955497,OB5X_202612_F,OB5X_ETF,0.1162,36,1
1786149107.640511,OB5X_ETF,BASKET,0.3485,12,1
1786149112.1046247,OB5X_ETF,OB5X_202612_F,0.2752,36,1
1786149119.4754524,BASKET,OB5X_202706_F,0.6066,12,0
1786149127.8059604,OB5X_202612_F,OB5X_ETF,0.0286,48,1
1786149140.6588142,OB5X_ETF,OB5X_202612_F,0.2687,48,1
1786149143.8439202,OB5X_202706_F,OB5X_ETF,0.1109,48,1
1786149161.7753546,OB5X_202612_F,BASKET,0.1028,12,1
1786149166.0096827,OB5X_ETF,OB5X_202706_F,0.3895,48,1
1786149176.3082132,OB5X_202706_F,OB5X_ETF,0.1085,48,1
1786149183.4253142,OB5X_ETF,OB5X_202706_F,0.2962,48,1
1786149219.8532383,BASKET,OB5X_202703_F,0.4574,24,1
1786149229.1378098,OB5X_202706_F,BASKET,0.0414,11,1
1786149242.1320238,OB5X_202612_F,OB5X_ETF,0.024,48,1
1786149251.6285374,OB5X_ETF,OB5X_202612_F,0.0757,48,1
1786149254.7507784,OB5X_202612_F,OB5X_ETF,0.0256,48,1
1786149263.267352,BASKET,OB5X_202612_F,0.1761,11,0
1786149273.904257,OB5X_ETF,OB5X_202703_F,0.0536,48,1
1786149274.8972197,OB5X_202706_F,BASKET,0.1649,11,1
1786149276.9459872,OB5X_202706_F,OB5X_ETF,0.5982,48,1
1786149289.5835402,OB5X_ETF,OB5X_202706_F,0.0018,48,1
1786149334.3501043,OB5X_202703_F,OB5X_ETF,0.0208,48,1
1786149356.5948374,BASKET,OB5X_202706_F,0.1675,11,0
1786149381.6309922,OB5X_202706_F,BASKET,0.1619,11,1
1786149386.8929303,BASKET,OB5X_202612_F,0.243,11,0
1786149392.288431,OB5X_202706_F,BASKET,0.0504,11,1
1786149416.3903341,OB5X_ETF,OB5X_202612_F,0.1248,48,1
1786149552.5760245,BASKET,OB5X_202703_F,0.1828,11,0
1786149553.8906515,OB5X_202612_F,BASKET,0.032,11,1
1786149555.211348,BASKET,OB5X_202706_F,0.2107,11,0
1786149568.3304515,OB5X_202706_F,OB5X_ETF,0.0826,46,1
1786149568.365639,OB5X_202703_F,OB5X_ETF,0.1154,2,0
1786149571.5917666,OB5X_ETF,OB5X_202612_F,0.1218,48,0
1786149582.5602071,OB5X_202706_F,OB5X_ETF,0.5733,48,0
1786149583.4497387,OB5X_202612_F,BASKET,0.1348,11,1
1786149587.4410772,OB5X_ETF,OB5X_202706_F,0.0326,48,1
1786149590.5649173,OB5X_202612_F,OB5X_ETF,0.0719,48,1
1786149604.501077,BASKET,OB5X_202703_F,0.1879,11,0
1786149606.4525852,OB5X_ETF,OB5X_202706_F,0.224,48,1
1786149622.1367385,OB5X_202703_F,OB5X_ETF,0.0152,46,1
1786149622.2115085,OB5X_202706_F,OB5X_ETF,0.3813,2,0
1786149628.4584599,OB5X_ETF,OB5X_202703_F,0.0885,48,1
1786149633.3891397,OB5X_202706_F,BASKET,0.0737,11,1
1786149634.805912,OB5X_202706_F,OB5X_ETF,0.3706,48,1
1786149647.5679991,OB5X_ETF,OB5X_202612_F,0.3344,48,0
1786149657.0120926,OB5X_202703_F,OB5X_ETF,0.4077,48,1
1786149676.4485831,OB5X_ETF,OB5X_202703_F,0.4019,48,1
1786149685.5162473,OB5X_202612_F,OB5X_ETF,0.2543,48,1
1786149688.733087,OB5X_ETF,OB5X_202706_F,0.3421,48,1
1786149704.5889828,OB5X_202612_F,OB5X_ETF,0.2449,48,1
1786149707.5647652,OB5X_ETF,OB5X_202612_F,0.2547,48,1
1786149712.6800647,BASKET,OB5X_202612_F,0.2683,11,0
1786149743.2386205,OB5X_202612_F,BASKET,0.3017,11,1
1786149743.7483318,BASKET,OB5X_202706_F,0.5235,11,0
1786149827.3082185,OB5X_202706_F,BASKET,0.023,11,1
1786149862.8533957,BASKET,OB5X_202612_F,0.3286,11,0
1786149864.1663451,OB5X_202703_F,BASKET,0.1018,11,1
1786149865.4865088,BASKET,OB5X_202612_F,0.193,11,0
1786149866.023283,OB5X_202706_F,BASKET,0.5462,11,1
1786149919.833361,OB5X_202612_F,OB5X_ETF,0.259,48,1
1786149927.824523,OB5X_ETF,OB5X_202612_F,0.0473,48,1
1786149929.5535085,OB5X_202612_F,OB5X_ETF,0.2519,48,1
1786149932.2111979,OB5X_ETF,OB5X_202612_F,0.0504,37,1
1786149936.8053775,OB5X_ETF,OB5X_202612_F,0.1535,11,0
1786150008.5555587,OB5X_202612_F,OB5X_ETF,0.109,4,1
1786150033.8519416,OB5X_ETF,OB5X_202612_F,0.4871,4,0
1786150058.665898,BASKET,OB5X_202706_F,0.1503,11,0
1786150073.3699763,OB5X_202706_F,BASKET,0.0794,11,1
1786150114.0202343,BASKET,OB5X_202706_F,0.1815,8,0
1786150114.074225,BASKET,OB5X_202703_F,0.1522,3,0
1786150116.8484073,OB5X_202706_F,BASKET,0.0472,11,1
1786150124.5124285,BASKET,OB5X_202703_F,0.1608,11,0
1786150193.111301,OB5X_202703_F,BASKET,0.0342,11,1
1786150207.6086566,BASKET,OB5X_202612_F,0.18,11,0
1786150226.0723155,OB5X_202706_F,OB5X_ETF,0.1826,48,0
1786150229.8419278,OB5X_ETF,OB5X_202706_F,0.1271,48,1
1786150236.884768,OB5X_202612_F,OB5X_ETF,0.258,4,1
1786150239.3179054,OB5X_ETF,OB5X_202612_F,0.1442,4,0
1786150274.1144834,OB5X_202612_F,OB5X_ETF,0.2711,48,1
1786150274.4812245,FLATTEN,OB5X_202706_F,55.84,55,0
1786150316.0819314,OB5X_202612_F,BASKET,0.0021,14,1
1786150458.9187825,BASKET,OB5X_202706_F,0.1167,14,0
1786150470.942533,OB5X_202706_F,OB5X_ETF,0.2164,48,1
1786150515.1684787,OB5X_202706_F,BASKET,0.2971,14,1
1786150547.1623237,OB5X_ETF,OB5X_202703_F,0.0566,48,1
1786150554.630083,BASKET,OB5X_202706_F,0.2185,14,0
1786150698.9182174,OB5X_202703_F,OB5X_ETF,0.2575,48,1
1786150746.43975,OB5X_ETF,OB5X_202612_F,0.3757,48,1
1786150778.070302,OB5X_202612_F,OB5X_ETF,0.2258,48,1
1786150783.9041994,OB5X_ETF,OB5X_202612_F,0.1731,48,1
1786150787.5760593,OB5X_202706_F,OB5X_ETF,0.2631,48,1
1786150796.4183896,OB5X_ETF,OB5X_202706_F,0.042,48,1
1786150907.9816043,OB5X_202706_F,OB5X_ETF,0.0516,48,1
1786150910.3210554,OB5X_ETF,OB5X_202703_F,0.241,48,1
1786150927.3963416,OB5X_202703_F,OB5X_ETF,0.0518,48,1
1786150961.8127506,OB5X_ETF,OB5X_202706_F,0.6633,48,1
1786150983.9157996,OB5X_202706_F,OB5X_ETF,0.1355,48,1
1786151008.4438255,OB5X_ETF,OB5X_202703_F,0.1668,44,1
1786151008.7084248,OB5X_ETF,OB5X_202703_F,0.1669,1,0
1786151015.6498811,OB5X_202703_F,OB5X_ETF,1.1276,45,1
1786151028.3101203,OB5X_ETF,OB5X_202703_F,0.0811,48,1
1786151031.5252988,OB5X_202706_F,OB5X_ETF,0.1032,48,0
1786151064.5867777,OB5X_ETF,OB5X_202706_F,0.2147,48,1
1786151104.3141537,OB5X_202703_F,OB5X_ETF,0.1947,48,1
1786151107.4749668,OB5X_ETF,OB5X_202703_F,0.0088,48,1
1786151113.7481658,OB5X_202703_F,OB5X_ETF,0.5993,48,1
1786151126.4607408,OB5X_ETF,OB5X_202706_F,0.0189,48,1
1786151223.84918,OB5X_202706_F,OB5X_ETF,0.221,48,1
1786151230.0184996,OB5X_ETF,OB5X_202706_F,0.1764,48,1
1786151329.0495164,OB5X_202612_F,OB5X_ETF,0.0156,48,1
1786151332.2263732,OB5X_ETF,OB5X_202703_F,0.3454,48,1
1786151386.0393457,OB5X_202703_F,OB5X_ETF,0.269,48,1
1786151395.5483196,OB5X_ETF,OB5X_202612_F,0.2687,48,1
1786151405.031035,OB5X_202706_F,OB5X_ETF,0.1318,48,1
1786151412.6728928,OB5X_ETF,OB5X_202703_F,0.1353,12,1
1786151414.6234403,OB5X_ETF,OB5X_202706_F,0.4809,36,1
1786151443.022045,OB5X_202703_F,OB5X_ETF,0.168,48,1
1786151447.8342721,OB5X_ETF,OB5X_202706_F,0.1699,48,0
1786151451.5023234,OB5X_202612_F,OB5X_ETF,0.1412,48,1
1786151462.087952,OB5X_ETF,OB5X_202612_F,0.3602,48,1
1786151623.5222685,OB5X_202612_F,OB5X_ETF,0.1401,48,1
1786151648.8739355,OB5X_ETF,OB5X_202612_F,0.1641,48,1
1786151682.000891,OB5X_202706_F,OB5X_ETF,0.1065,48,1
1786151734.4077153,OB5X_ETF,OB5X_202706_F,0.109,48,0
1786151769.2436216,OB5X_202612_F,OB5X_ETF,0.0188,48,1
1786151774.4268684,OB5X_ETF,OB5X_202703_F,0.2804,48,1
1786151781.9023445,OB5X_202706_F,OB5X_ETF,0.1852,48,1
1786151810.4668813,OB5X_ETF,OB5X_202706_F,0.12,48,0
1786151857.8944316,OB5X_202703_F,OB5X_ETF,0.1046,48,1
1786151861.1499724,OB5X_ETF,OB5X_202703_F,0.2969,48,1
1786152039.0146706,OB5X_202703_F,OB5X_ETF,0.0337,48,1
1786152044.7911885,OB5X_ETF,OB5X_202612_F,0.6923,48,1
1786152063.8298965,OB5X_202612_F,OB5X_ETF,0.0132,48,1
1786152095.4507964,OB5X_ETF,OB5X_202703_F,0.0646,48,1
1786152098.5631506,OB5X_202703_F,OB5X_ETF,0.3354,48,1
