timestamp,recv_time,price,volume,aggressor_side,buyer,seller,trade_id
2026-06-30T12:59:59.893035,2026-06-30T03:00:00.832462+00:00,71.9,50,bid,,,127782
2026-06-30T13:00:00.511755,2026-06-30T03:00:01.455810+00:00,71.9,46,bid,,,127789
2026-06-30T13:00:01.999552,2026-06-30T03:00:02.945450+00:00,71.9,50,bid,,,127800
2026-06-30T13:00:02.268398,2026-06-30T03:00:03.207312+00:00,71.7,46,ask,,,127806
2026-06-30T13:00:04.115913,2026-06-30T03:00:05.058190+00:00,72.1,50,bid,,,127823
2026-06-30T13:00:06.221375,2026-06-30T03:00:07.167478+00:00,72.1,50,bid,,,127840
2026-06-30T13:00:06.458808,2026-06-30T03:00:07.396525+00:00,71.7,44,ask,,,127842
2026-06-30T13:00:07.008538,2026-06-30T03:00:07.954492+00:00,71.9,100,bid,,,127850
2026-06-30T13:00:07.537538,2026-06-30T03:00:08.477480+00:00,71.9,40,ask,,,127853
2026-06-30T13:00:08.327934,2026-06-30T03:00:09.271932+00:00,72.4,50,bid,,,127859
2026-06-30T13:00:08.639821,2026-06-30T03:00:09.577436+00:00,72.4,40,bid,,,127865
2026-06-30T13:00:09.608256,2026-06-30T03:00:10.547081+00:00,71.9,10,ask,,,127881
2026-06-30T13:00:10.434403,2026-06-30T03:00:11.373210+00:00,71.7,50,bid,,,127886
2026-06-30T13:00:10.604202,2026-06-30T03:00:11.547393+00:00,71.3,46,ask,,,127892
2026-06-30T13:00:12.564534,2026-06-30T03:00:13.509118+00:00,71.7,50,bid,,,127914
2026-06-30T13:00:13.331246,2026-06-30T03:00:14.275223+00:00,71.7,100,bid,,,127928
2026-06-30T13:00:16.827643,2026-06-30T03:00:17.767166+00:00,71.6,50,ask,,,127965
2026-06-30T13:00:17.465972,2026-06-30T03:00:18.408557+00:00,71.9,49,bid,,,127970
2026-06-30T13:00:18.936369,2026-06-30T03:00:19.874292+00:00,71.6,50,ask,,,127986
2026-06-30T13:00:20.001697,2026-06-30T03:00:20.937941+00:00,71.8,40,ask,,,128002
2026-06-30T13:00:21.042098,2026-06-30T03:00:21.988414+00:00,71.8,50,ask,,,128014
2026-06-30T13:00:23.096611,2026-06-30T03:00:24.042980+00:00,71.9,50,bid,,,128041
2026-06-30T13:00:23.170984,2026-06-30T03:00:24.107917+00:00,71.9,40,bid,,,128042
2026-06-30T13:00:27.268970,2026-06-30T03:00:28.211861+00:00,72.0,48,bid,,,128092
2026-06-30T13:00:27.357310,2026-06-30T03:00:28.297960+00:00,71.7,50,ask,,,128093
2026-06-30T13:00:28.363933,2026-06-30T03:00:29.302234+00:00,71.7,46,ask,,,128104
2026-06-30T13:00:29.397733,2026-06-30T03:00:30.341757+00:00,71.7,43,ask,,,128117
2026-06-30T13:00:29.463130,2026-06-30T03:00:30.407183+00:00,71.7,50,ask,,,128118
2026-06-30T13:00:31.568991,2026-06-30T03:00:32.517514+00:00,71.7,7,ask,,,128144
2026-06-30T13:00:32.109603,2026-06-30T03:00:33.049742+00:00,71.9,45,bid,,,128152
2026-06-30T13:00:32.632658,2026-06-30T03:00:33.576587+00:00,72.0,47,bid,,,128156
2026-06-30T13:00:33.213432,2026-06-30T03:00:34.150975+00:00,71.7,47,ask,,,128160
2026-06-30T13:00:33.623930,2026-06-30T03:00:34.565230+00:00,72.0,50,bid,,,128174
2026-06-30T13:00:33.789720,2026-06-30T03:00:34.728349+00:00,71.7,47,ask,,,128182
2026-06-30T13:00:35.337075,2026-06-30T03:00:36.285445+00:00,72.2,42,bid,,,128200
2026-06-30T13:00:35.783598,2026-06-30T03:00:36.728332+00:00,71.8,50,ask,,,128206
2026-06-30T13:00:35.820186,2026-06-30T03:00:36.761030+00:00,71.9,36,bid,,,128210
2026-06-30T13:00:36.928126,2026-06-30T03:00:37.868267+00:00,71.9,47,bid,,,128228
2026-06-30T13:00:37.482488,2026-06-30T03:00:38.422027+00:00,71.8,40,ask,,,128237
2026-06-30T13:00:37.838248,2026-06-30T03:00:38.780943+00:00,71.9,50,bid,,,128242
2026-06-30T13:00:38.055562,2026-06-30T03:00:38.997897+00:00,71.8,10,ask,,,128247
2026-06-30T13:00:38.055562,2026-06-30T03:00:38.997897+00:00,71.5,33,ask,,,128248
2026-06-30T13:00:38.644041,2026-06-30T03:00:39.585316+00:00,71.7,100,bid,,,128260
2026-06-30T13:00:39.276013,2026-06-30T03:00:40.212209+00:00,72.4,46,bid,,,128262
2026-06-30T13:00:39.944945,2026-06-30T03:00:40.887240+00:00,72.4,50,bid,,,128273
2026-06-30T13:00:40.298093,2026-06-30T03:00:41.246226+00:00,71.9,49,ask,,,128280
2026-06-30T13:00:42.050547,2026-06-30T03:00:42.994100+00:00,72.1,50,bid,,,128300
2026-06-30T13:00:43.506796,2026-06-30T03:00:44.453014+00:00,72.1,41,bid,,,128315
2026-06-30T13:00:44.156404,2026-06-30T03:00:45.094368+00:00,72.1,50,bid,,,128325
2026-06-30T13:00:44.562333,2026-06-30T03:00:45.507721+00:00,72.1,9,bid,,,128330
2026-06-30T13:00:44.562333,2026-06-30T03:00:45.507721+00:00,72.3,37,bid,,,128331
2026-06-30T13:00:44.975135,2026-06-30T03:00:45.919611+00:00,72.4,150,ask,,,128340
2026-06-30T13:00:46.262221,2026-06-30T03:00:47.198464+00:00,72.5,50,bid,,,128355
2026-06-30T13:00:48.367551,2026-06-30T03:00:49.307115+00:00,72.4,50,bid,,,128380
2026-06-30T13:00:50.483223,2026-06-30T03:00:51.429865+00:00,72.4,50,bid,,,128404
2026-06-30T13:00:50.601668,2026-06-30T03:00:51.548734+00:00,72.3,25,ask,,,128413
2026-06-30T13:00:50.810282,2026-06-30T03:00:51.746519+00:00,72.3,25,ask,,,128422
2026-06-30T13:00:51.942722,2026-06-30T03:00:52.888417+00:00,72.0,42,ask,,,128438
2026-06-30T13:00:52.590012,2026-06-30T03:00:53.528159+00:00,72.4,50,bid,,,128445
2026-06-30T13:00:54.571064,2026-06-30T03:00:55.508398+00:00,72.2,41,ask,,,128470
2026-06-30T13:00:54.755642,2026-06-30T03:00:55.695084+00:00,72.2,50,ask,,,128474
2026-06-30T13:00:55.426201,2026-06-30T03:00:56.373144+00:00,72.2,9,ask,,,128488
2026-06-30T13:00:55.434007,2026-06-30T03:00:56.373144+00:00,72.0,2,ask,,,128490
2026-06-30T13:00:55.637948,2026-06-30T03:00:56.578992+00:00,72.0,2,ask,,,128492
2026-06-30T13:00:55.843292,2026-06-30T03:00:56.787398+00:00,72.0,2,ask,,,128495
2026-06-30T13:00:56.048635,2026-06-30T03:00:56.993330+00:00,72.0,2,ask,,,128497
2026-06-30T13:00:56.253733,2026-06-30T03:00:57.198802+00:00,72.0,2,ask,,,128498
2026-06-30T13:00:56.458913,2026-06-30T03:00:57.396052+00:00,72.0,2,ask,,,128501
2026-06-30T13:00:56.584381,2026-06-30T03:00:57.525467+00:00,72.0,42,ask,,,128507
2026-06-30T13:00:56.663673,2026-06-30T03:00:57.600900+00:00,72.0,2,ask,,,128508
2026-06-30T13:00:56.861193,2026-06-30T03:00:57.797517+00:00,72.0,50,ask,,,128509
2026-06-30T13:00:58.969514,2026-06-30T03:00:59.907761+00:00,71.8,50,ask,,,128538
2026-06-30T13:00:59.981779,2026-06-30T03:01:00.917856+00:00,72.0,43,bid,,,128553
2026-06-30T13:01:01.074936,2026-06-30T03:01:02.017321+00:00,71.4,50,ask,,,128569
2026-06-30T13:01:03.198702,2026-06-30T03:01:04.137345+00:00,71.4,50,ask,,,128594
2026-06-30T13:01:03.732661,2026-06-30T03:01:04.679075+00:00,71.5,100,bid,,,128598
2026-06-30T13:01:05.252746,2026-06-30T03:01:06.198745+00:00,71.9,50,bid,,,128622
2026-06-30T13:01:07.469107,2026-06-30T03:01:08.415150+00:00,71.9,46,bid,,,128650
2026-06-30T13:01:07.938447,2026-06-30T03:01:08.881928+00:00,71.9,46,bid,,,128655
2026-06-30T13:01:08.482344,2026-06-30T03:01:09.427630+00:00,71.6,49,ask,,,128663
2026-06-30T13:01:09.032531,2026-06-30T03:01:09.971868+00:00,71.9,8,bid,,,128669
2026-06-30T13:01:09.032531,2026-06-30T03:01:09.971868+00:00,72.1,36,bid,,,128670
2026-06-30T13:01:09.515724,2026-06-30T03:01:10.461214+00:00,71.6,50,ask,,,128674
2026-06-30T13:01:11.620904,2026-06-30T03:01:12.559719+00:00,71.9,50,ask,,,128701
2026-06-30T13:01:13.847161,2026-06-30T03:01:14.788513+00:00,71.6,47,ask,,,128736
2026-06-30T13:01:15.782722,2026-06-30T03:01:16.721104+00:00,71.9,50,bid,,,128757
2026-06-30T13:01:16.446418,2026-06-30T03:01:17.385137+00:00,71.9,43,bid,,,128761
2026-06-30T13:01:17.939474,2026-06-30T03:01:18.884243+00:00,71.8,50,ask,,,128772
2026-06-30T13:01:19.070453,2026-06-30T03:01:20.015499+00:00,71.8,48,ask,,,128789
2026-06-30T13:01:19.996466,2026-06-30T03:01:20.936493+00:00,72.0,50,bid,,,128795
2026-06-30T13:01:21.612962,2026-06-30T03:01:22.554361+00:00,71.6,42,ask,,,128816
2026-06-30T13:01:22.154526,2026-06-30T03:01:23.098055+00:00,71.6,50,ask,,,128824
2026-06-30T13:01:22.768464,2026-06-30T03:01:23.707609+00:00,71.7,25,bid,,,128830
2026-06-30T13:01:22.977652,2026-06-30T03:01:23.925047+00:00,71.7,25,bid,,,128834
2026-06-30T13:01:23.188818,2026-06-30T03:01:24.130981+00:00,71.7,23,bid,,,128841
2026-06-30T13:01:24.259750,2026-06-30T03:01:25.196562+00:00,71.6,50,ask,,,128851
2026-06-30T13:01:25.605156,2026-06-30T03:01:26.548219+00:00,71.7,27,bid,,,128875
2026-06-30T13:01:25.868871,2026-06-30T03:01:26.808837+00:00,72.1,40,bid,,,128881
2026-06-30T13:01:26.367124,2026-06-30T03:01:27.310669+00:00,71.7,50,ask,,,128889
2026-06-30T13:01:28.474335,2026-06-30T03:01:29.420881+00:00,71.7,50,ask,,,128918
2026-06-30T13:01:30.531330,2026-06-30T03:01:31.470696+00:00,71.9,50,bid,,,128940
2026-06-30T13:01:30.846201,2026-06-30T03:01:31.787949+00:00,71.9,23,bid,,,128943
2026-06-30T13:01:31.947684,2026-06-30T03:01:32.886197+00:00,71.9,44,bid,,,128962
2026-06-30T13:01:32.637334,2026-06-30T03:01:33.582089+00:00,72.3,50,bid,,,128972
2026-06-30T13:01:34.742060,2026-06-30T03:01:35.717697+00:00,72.3,50,bid,,,129002
2026-06-30T13:01:36.847727,2026-06-30T03:01:37.804268+00:00,72.3,50,bid,,,129029
2026-06-30T13:01:38.460464,2026-06-30T03:01:39.401233+00:00,72.3,100,bid,,,129048
2026-06-30T13:01:38.727978,2026-06-30T03:01:39.707237+00:00,72.4,150,ask,,,129051
2026-06-30T13:01:38.954345,2026-06-30T03:01:39.891768+00:00,72.8,50,bid,,,129054
2026-06-30T13:01:41.059758,2026-06-30T03:01:41.997170+00:00,72.8,50,bid,,,129084
2026-06-30T13:01:41.956212,2026-06-30T03:01:42.899048+00:00,72.4,100,ask,,,129092
2026-06-30T13:01:42.633639,2026-06-30T03:01:43.575152+00:00,72.4,25,bid,,,129104
2026-06-30T13:01:42.661597,2026-06-30T03:01:43.607380+00:00,72.4,25,bid,,,129106
2026-06-30T13:01:43.041694,2026-06-30T03:01:43.989039+00:00,71.9,41,ask,,,129112
2026-06-30T13:01:43.166663,2026-06-30T03:01:44.131999+00:00,72.9,50,bid,,,129115
2026-06-30T13:01:45.271435,2026-06-30T03:01:46.210149+00:00,72.8,50,bid,,,129146
2026-06-30T13:01:46.635592,2026-06-30T03:01:47.579811+00:00,72.4,25,ask,,,129172
2026-06-30T13:01:46.843774,2026-06-30T03:01:47.787023+00:00,72.4,25,ask,,,129175
2026-06-30T13:01:47.051782,2026-06-30T03:01:47.992129+00:00,72.4,25,ask,,,129179
2026-06-30T13:01:47.260147,2026-06-30T03:01:48.197989+00:00,72.4,25,ask,,,129184
2026-06-30T13:01:47.378071,2026-06-30T03:01:48.317774+00:00,72.8,50,bid,,,129187
2026-06-30T13:01:47.468200,2026-06-30T03:01:48.405348+00:00,72.4,25,ask,,,129190
2026-06-30T13:01:47.677955,2026-06-30T03:01:48.622861+00:00,72.4,25,ask,,,129197
2026-06-30T13:01:47.762764,2026-06-30T03:01:48.708955+00:00,72.3,43,ask,,,129199
2026-06-30T13:01:48.276688,2026-06-30T03:01:49.222019+00:00,72.4,100,ask,,,129207
2026-06-30T13:01:48.283434,2026-06-30T03:01:49.222019+00:00,72.3,25,bid,,,129209
2026-06-30T13:01:49.293431,2026-06-30T03:01:50.233036+00:00,72.3,25,bid,,,129218
2026-06-30T13:01:49.489870,2026-06-30T03:01:50.428370+00:00,72.9,50,bid,,,129220
2026-06-30T13:01:49.512775,2026-06-30T03:01:50.461100+00:00,72.9,43,bid,,,129221
2026-06-30T13:01:51.647602,2026-06-30T03:01:52.593267+00:00,72.3,50,ask,,,129249
2026-06-30T13:01:52.449775,2026-06-30T03:01:53.397081+00:00,72.3,45,ask,,,129257
2026-06-30T13:01:53.588222,2026-06-30T03:01:54.528840+00:00,72.7,40,bid,,,129275
2026-06-30T13:01:53.752652,2026-06-30T03:01:54.692438+00:00,72.3,5,ask,,,129277
2026-06-30T13:01:53.752652,2026-06-30T03:01:54.703503+00:00,72.2,45,ask,,,129278
2026-06-30T13:01:54.212511,2026-06-30T03:01:55.151115+00:00,72.2,47,ask,,,129284
2026-06-30T13:01:55.862838,2026-06-30T03:01:56.806138+00:00,72.2,50,ask,,,129307
2026-06-30T13:01:57.232790,2026-06-30T03:01:58.176422+00:00,72.6,47,bid,,,129326
2026-06-30T13:01:57.968022,2026-06-30T03:01:58.906352+00:00,72.4,50,ask,,,129337
2026-06-30T13:01:58.439302,2026-06-30T03:01:59.383081+00:00,72.6,48,bid,,,129343
2026-06-30T13:01:58.513857,2026-06-30T03:01:59.480746+00:00,72.4,25,ask,,,129344
2026-06-30T13:01:58.723272,2026-06-30T03:01:59.665451+00:00,72.4,25,ask,,,129347
2026-06-30T13:01:59.542190,2026-06-30T03:02:00.488313+00:00,72.1,47,ask,,,129355
2026-06-30T13:02:00.073040,2026-06-30T03:02:01.012287+00:00,72.1,50,ask,,,129363
2026-06-30T13:02:00.601761,2026-06-30T03:02:01.546414+00:00,72.1,49,ask,,,129366
2026-06-30T13:02:00.922978,2026-06-30T03:02:01.862122+00:00,72.1,75,bid,,,129373
2026-06-30T13:02:00.939628,2026-06-30T03:02:01.884257+00:00,72.1,25,bid,,,129376
2026-06-30T13:02:01.147709,2026-06-30T03:02:02.090132+00:00,72.1,25,bid,,,129381
2026-06-30T13:02:01.356236,2026-06-30T03:02:02.297542+00:00,72.1,25,bid,,,129388
2026-06-30T13:02:02.178499,2026-06-30T03:02:03.122138+00:00,72.0,50,ask,,,129404
2026-06-30T13:02:06.373395,2026-06-30T03:02:07.317759+00:00,72.1,25,bid,,,129459
2026-06-30T13:02:06.583055,2026-06-30T03:02:07.524264+00:00,72.1,25,bid,,,129464
2026-06-30T13:02:06.793462,2026-06-30T03:02:07.731101+00:00,72.1,25,bid,,,129468
2026-06-30T13:02:08.441353,2026-06-30T03:02:09.383925+00:00,72.5,50,bid,,,129485
2026-06-30T13:02:10.599979,2026-06-30T03:02:11.543354+00:00,72.2,50,ask,,,129511
2026-06-30T13:02:14.809540,2026-06-30T03:02:15.754287+00:00,72.1,50,ask,,,129549
2026-06-30T13:02:14.821863,2026-06-30T03:02:15.765351+00:00,72.5,48,bid,,,129550
2026-06-30T13:02:18.969220,2026-06-30T03:02:19.906070+00:00,72.3,50,bid,,,129600
2026-06-30T13:02:19.310683,2026-06-30T03:02:20.251953+00:00,72.0,45,ask,,,129606
2026-06-30T13:02:21.125861,2026-06-30T03:02:22.098854+00:00,71.9,50,ask,,,129627
2026-06-30T13:02:23.231663,2026-06-30T03:02:24.169038+00:00,71.7,50,ask,,,129650
2026-06-30T13:02:25.338633,2026-06-30T03:02:26.277624+00:00,71.7,50,ask,,,129678
2026-06-30T13:02:26.235471,2026-06-30T03:02:27.190029+00:00,72.0,25,bid,,,129691
2026-06-30T13:02:27.392885,2026-06-30T03:02:28.338708+00:00,72.0,50,bid,,,129698
2026-06-30T13:02:28.529111,2026-06-30T03:02:29.470845+00:00,72.0,25,bid,,,129712
2026-06-30T13:02:28.529111,2026-06-30T03:02:29.470845+00:00,72.2,20,bid,,,129713
2026-06-30T13:02:29.498107,2026-06-30T03:02:30.437841+00:00,72.2,50,bid,,,129728
2026-06-30T13:02:29.519478,2026-06-30T03:02:30.458997+00:00,72.2,44,bid,,,129730
2026-06-30T13:02:29.572593,2026-06-30T03:02:30.513927+00:00,71.8,42,ask,,,129731
2026-06-30T13:02:30.633269,2026-06-30T03:02:31.578483+00:00,71.8,45,ask,,,129751
2026-06-30T13:02:31.149966,2026-06-30T03:02:32.089988+00:00,72.2,48,bid,,,129761
2026-06-30T13:02:31.655284,2026-06-30T03:02:32.600670+00:00,71.8,13,ask,,,129764
2026-06-30T13:02:31.655284,2026-06-30T03:02:32.600670+00:00,71.7,37,ask,,,129765
2026-06-30T13:02:31.688563,2026-06-30T03:02:32.633846+00:00,72.2,8,bid,,,129766
2026-06-30T13:02:31.688563,2026-06-30T03:02:32.633846+00:00,72.3,34,bid,,,129767
2026-06-30T13:02:32.488962,2026-06-30T03:02:33.427396+00:00,72.0,100,bid,,,129785
2026-06-30T13:02:32.650551,2026-06-30T03:02:33.588993+00:00,72.1,25,ask,,,129787
2026-06-30T13:02:32.860343,2026-06-30T03:02:33.797332+00:00,72.1,25,ask,,,129791
2026-06-30T13:02:33.762422,2026-06-30T03:02:34.707569+00:00,71.5,50,ask,,,129808
2026-06-30T13:02:35.197387,2026-06-30T03:02:36.139662+00:00,71.5,43,ask,,,129827
2026-06-30T13:02:35.816130,2026-06-30T03:02:36.760803+00:00,72.2,50,bid,,,129835
2026-06-30T13:02:37.946792,2026-06-30T03:02:38.885444+00:00,72.2,50,bid,,,129865
2026-06-30T13:02:38.156452,2026-06-30T03:02:39.103904+00:00,72.2,46,bid,,,129868
2026-06-30T13:02:40.053401,2026-06-30T03:02:40.994195+00:00,72.4,50,bid,,,129898
2026-06-30T13:02:44.263154,2026-06-30T03:02:45.202106+00:00,72.6,50,bid,,,129932
2026-06-30T13:02:45.619092,2026-06-30T03:02:46.557778+00:00,72.2,45,ask,,,129953
2026-06-30T13:02:46.370401,2026-06-30T03:02:47.308973+00:00,72.7,50,bid,,,129960
2026-06-30T13:02:47.437459,2026-06-30T03:02:48.377176+00:00,72.2,45,ask,,,129971
2026-06-30T13:02:48.085285,2026-06-30T03:02:49.027647+00:00,72.7,49,bid,,,129980
2026-06-30T13:02:48.475320,2026-06-30T03:02:49.418836+00:00,72.6,50,bid,,,129990
2026-06-30T13:02:50.599289,2026-06-30T03:02:51.537841+00:00,72.6,50,bid,,,130033
2026-06-30T13:02:51.299697,2026-06-30T03:02:52.246162+00:00,72.5,25,ask,,,130042
2026-06-30T13:02:51.507941,2026-06-30T03:02:52.472286+00:00,72.5,25,ask,,,130044
2026-06-30T13:02:51.693789,2026-06-30T03:02:52.658382+00:00,72.5,40,ask,,,130050
2026-06-30T13:02:51.718143,2026-06-30T03:02:52.668944+00:00,72.5,10,ask,,,130051
2026-06-30T13:02:51.735637,2026-06-30T03:02:52.680002+00:00,72.4,2,ask,,,130055
2026-06-30T13:02:51.940952,2026-06-30T03:02:52.887273+00:00,72.4,2,ask,,,130060
2026-06-30T13:02:52.145633,2026-06-30T03:02:53.093243+00:00,72.4,25,ask,,,130065
2026-06-30T13:02:52.152886,2026-06-30T03:02:53.093243+00:00,72.4,2,ask,,,130067
2026-06-30T13:02:52.155062,2026-06-30T03:02:53.093243+00:00,72.9,41,bid,,,130068
2026-06-30T13:02:52.356914,2026-06-30T03:02:53.300680+00:00,72.4,25,ask,,,130070
2026-06-30T13:02:52.365517,2026-06-30T03:02:53.311744+00:00,72.4,2,ask,,,130072
2026-06-30T13:02:52.569579,2026-06-30T03:02:53.507555+00:00,72.4,25,ask,,,130076
2026-06-30T13:02:52.577732,2026-06-30T03:02:53.518164+00:00,72.4,2,ask,,,130078
2026-06-30T13:02:52.706187,2026-06-30T03:02:53.648007+00:00,72.9,50,bid,,,130081
2026-06-30T13:02:52.794434,2026-06-30T03:02:53.736155+00:00,72.4,2,ask,,,130082
2026-06-30T13:02:52.998751,2026-06-30T03:02:53.941159+00:00,72.4,2,ask,,,130088
2026-06-30T13:02:53.204128,2026-06-30T03:02:54.148016+00:00,72.4,1,ask,,,130093
2026-06-30T13:02:53.445526,2026-06-30T03:02:54.398771+00:00,72.4,60,ask,,,130095
2026-06-30T13:02:54.814832,2026-06-30T03:02:55.757237+00:00,72.7,50,bid,,,130110
2026-06-30T13:02:54.852145,2026-06-30T03:02:55.799634+00:00,72.2,41,ask,,,130111
2026-06-30T13:02:56.015455,2026-06-30T03:02:56.953078+00:00,72.7,43,bid,,,130127
2026-06-30T13:02:56.920948,2026-06-30T03:02:57.867749+00:00,72.7,7,bid,,,130135
2026-06-30T13:02:56.920948,2026-06-30T03:02:57.867749+00:00,72.7,43,bid,,,130136
2026-06-30T13:02:59.030155,2026-06-30T03:02:59.977254+00:00,72.9,50,bid,,,130163
2026-06-30T13:02:59.985865,2026-06-30T03:03:00.926031+00:00,72.4,100,ask,,,130170
2026-06-30T13:02:59.985865,2026-06-30T03:03:00.926031+00:00,72.4,40,ask,,,130171
2026-06-30T13:03:01.137284,2026-06-30T03:03:02.077431+00:00,72.5,50,bid,,,130180
2026-06-30T13:03:01.831952,2026-06-30T03:03:02.776109+00:00,72.5,43,bid,,,130187
2026-06-30T13:03:03.243015,2026-06-30T03:03:04.187344+00:00,72.5,7,bid,,,130206
2026-06-30T13:03:03.243015,2026-06-30T03:03:04.187344+00:00,72.5,43,bid,,,130207
2026-06-30T13:03:03.836782,2026-06-30T03:03:04.775393+00:00,72.5,100,bid,,,130218
2026-06-30T13:03:05.349956,2026-06-30T03:03:06.290917+00:00,73.0,50,bid,,,130229
2026-06-30T13:03:07.050580,2026-06-30T03:03:07.997351+00:00,72.9,100,ask,,,130257
2026-06-30T13:03:09.560691,2026-06-30T03:03:10.515972+00:00,72.9,50,bid,,,130284
2026-06-30T13:03:10.795062,2026-06-30T03:03:11.733678+00:00,72.6,49,ask,,,130296
2026-06-30T13:03:11.666776,2026-06-30T03:03:12.607050+00:00,73.0,50,bid,,,130303
2026-06-30T13:03:13.621787,2026-06-30T03:03:14.566474+00:00,72.9,48,ask,,,130317
2026-06-30T13:03:13.777462,2026-06-30T03:03:14.718034+00:00,73.1,50,bid,,,130321
2026-06-30T13:03:15.936240,2026-06-30T03:03:16.879775+00:00,72.9,50,ask,,,130350
2026-06-30T13:03:16.219768,2026-06-30T03:03:17.163146+00:00,72.9,49,ask,,,130354
2026-06-30T13:03:16.688550,2026-06-30T03:03:17.632796+00:00,73.2,48,bid,,,130361
2026-06-30T13:03:16.796912,2026-06-30T03:03:17.741041+00:00,72.7,100,ask,,,130362
2026-06-30T13:03:18.042038,2026-06-30T03:03:18.982130+00:00,72.2,50,ask,,,130377
2026-06-30T13:03:19.813323,2026-06-30T03:03:20.752192+00:00,72.7,45,bid,,,130394
2026-06-30T13:03:20.148661,2026-06-30T03:03:21.089696+00:00,72.6,50,ask,,,130398
2026-06-30T13:03:21.533886,2026-06-30T03:03:22.481120+00:00,72.6,49,ask,,,130417
2026-06-30T13:03:22.274016,2026-06-30T03:03:23.220180+00:00,72.6,50,ask,,,130425
2026-06-30T13:03:23.119499,2026-06-30T03:03:24.056320+00:00,72.5,100,ask,,,130430
2026-06-30T13:03:23.553550,2026-06-30T03:03:24.501015+00:00,72.5,44,bid,,,130437
2026-06-30T13:03:24.380002,2026-06-30T03:03:25.317635+00:00,72.0,50,ask,,,130450
2026-06-30T13:03:25.723410,2026-06-30T03:03:26.670897+00:00,72.5,6,bid,,,130468
2026-06-30T13:03:25.776663,2026-06-30T03:03:26.715138+00:00,72.0,45,ask,,,130472
2026-06-30T13:03:26.350630,2026-06-30T03:03:27.290011+00:00,72.5,45,bid,,,130479
2026-06-30T13:03:28.429679,2026-06-30T03:03:29.367573+00:00,72.5,49,bid,,,130507
2026-06-30T13:03:28.538574,2026-06-30T03:03:29.476327+00:00,72.5,6,bid,,,130508
2026-06-30T13:03:28.538574,2026-06-30T03:03:29.487391+00:00,72.5,44,bid,,,130509
2026-06-30T13:03:29.117266,2026-06-30T03:03:30.058323+00:00,72.5,100,bid,,,130516
2026-06-30T13:03:30.646169,2026-06-30T03:03:31.589839+00:00,73.2,50,bid,,,130532
2026-06-30T13:03:32.602749,2026-06-30T03:03:33.548002+00:00,72.9,41,ask,,,130554
2026-06-30T13:03:32.753990,2026-06-30T03:03:33.700121+00:00,73.0,50,bid,,,130557
2026-06-30T13:03:34.910439,2026-06-30T03:03:35.852080+00:00,72.9,50,ask,,,130590
2026-06-30T13:03:35.492950,2026-06-30T03:03:36.439880+00:00,72.9,59,ask,,,130601
2026-06-30T13:03:37.029544,2026-06-30T03:03:37.966275+00:00,72.4,50,ask,,,130615
2026-06-30T13:03:38.069004,2026-06-30T03:03:39.010673+00:00,72.4,43,ask,,,130632
2026-06-30T13:03:38.578855,2026-06-30T03:03:39.518999+00:00,72.6,41,bid,,,130634
2026-06-30T13:03:39.086180,2026-06-30T03:03:40.031946+00:00,72.2,47,ask,,,130638
2026-06-30T13:03:39.134699,2026-06-30T03:03:40.076208+00:00,72.2,50,ask,,,130640
2026-06-30T13:03:40.698196,2026-06-30T03:03:41.636428+00:00,72.7,42,bid,,,130660
2026-06-30T13:03:40.753117,2026-06-30T03:03:41.700937+00:00,72.2,3,ask,,,130662
2026-06-30T13:03:40.753117,2026-06-30T03:03:41.700937+00:00,72.2,38,ask,,,130663
2026-06-30T13:03:41.258315,2026-06-30T03:03:42.201877+00:00,72.2,50,ask,,,130668
2026-06-30T13:03:45.417610,2026-06-30T03:03:46.356437+00:00,72.2,50,bid,,,130723
2026-06-30T13:03:47.575344,2026-06-30T03:03:48.519942+00:00,72.0,50,ask,,,130752
2026-06-30T13:03:47.820259,2026-06-30T03:03:48.761088+00:00,72.2,40,bid,,,130756
2026-06-30T13:03:49.689346,2026-06-30T03:03:50.637629+00:00,72.0,50,ask,,,130779
2026-06-30T13:03:52.388189,2026-06-30T03:03:53.329893+00:00,71.9,49,ask,,,130797
2026-06-30T13:03:53.899825,2026-06-30T03:03:54.845363+00:00,71.9,50,ask,,,130812
2026-06-30T13:03:54.692747,2026-06-30T03:03:55.682922+00:00,72.1,49,bid,,,130817
2026-06-30T13:03:55.045593,2026-06-30T03:03:55.987571+00:00,71.7,150,bid,,,130823
2026-06-30T13:03:56.004415,2026-06-30T03:03:56.945589+00:00,71.6,50,ask,,,130833
2026-06-30T13:03:58.111573,2026-06-30T03:03:59.051821+00:00,72.1,50,ask,,,130851
2026-06-30T13:03:58.613937,2026-06-30T03:03:59.551863+00:00,72.2,47,bid,,,130861
2026-06-30T13:04:00.167103,2026-06-30T03:04:01.107227+00:00,72.2,50,bid,,,130885
2026-06-30T13:04:02.271211,2026-06-30T03:04:03.216505+00:00,72.2,50,bid,,,130924
2026-06-30T13:04:04.300387,2026-06-30T03:04:05.239775+00:00,71.9,46,ask,,,130946
2026-06-30T13:04:04.377514,2026-06-30T03:04:05.317177+00:00,72.4,50,bid,,,130948
2026-06-30T13:04:05.942140,2026-06-30T03:04:06.880090+00:00,72.4,44,bid,,,130966
2026-06-30T13:04:06.534517,2026-06-30T03:04:07.478452+00:00,71.9,50,ask,,,130973
2026-06-30T13:04:08.641361,2026-06-30T03:04:09.587384+00:00,71.9,50,ask,,,130999
2026-06-30T13:04:12.082803,2026-06-30T03:04:13.021068+00:00,72.0,48,ask,,,131045
2026-06-30T13:04:12.799308,2026-06-30T03:04:13.737887+00:00,72.3,50,bid,,,131055
2026-06-30T13:04:12.999301,2026-06-30T03:04:13.945264+00:00,72.0,49,ask,,,131061
2026-06-30T13:04:14.956040,2026-06-30T03:04:15.896976+00:00,71.9,50,ask,,,131083
2026-06-30T13:04:15.042222,2026-06-30T03:04:15.983947+00:00,72.1,40,bid,,,131085
2026-06-30T13:04:15.625187,2026-06-30T03:04:16.570112+00:00,72.1,49,bid,,,131093
2026-06-30T13:04:17.064708,2026-06-30T03:04:18.007816+00:00,72.0,50,ask,,,131110
2026-06-30T13:04:19.169677,2026-06-30T03:04:20.145395+00:00,72.0,50,ask,,,131126
2026-06-30T13:04:20.159808,2026-06-30T03:04:21.102960+00:00,71.6,46,ask,,,131144
2026-06-30T13:04:20.698272,2026-06-30T03:04:21.636009+00:00,71.6,46,ask,,,131148
2026-06-30T13:04:21.275844,2026-06-30T03:04:22.223085+00:00,71.6,50,ask,,,131159
2026-06-30T13:04:22.327768,2026-06-30T03:04:23.265416+00:00,72.0,48,bid,,,131172
2026-06-30T13:04:23.194928,2026-06-30T03:04:24.137317+00:00,71.6,100,ask,,,131182
2026-06-30T13:04:23.382098,2026-06-30T03:04:24.322840+00:00,71.0,50,ask,,,131187
2026-06-30T13:04:23.395045,2026-06-30T03:04:24.333888+00:00,71.5,25,bid,,,131189
2026-06-30T13:04:23.625175,2026-06-30T03:04:24.572857+00:00,71.5,25,bid,,,131198
2026-06-30T13:04:25.487479,2026-06-30T03:04:26.429927+00:00,71.0,50,ask,,,131221
2026-06-30T13:04:25.917444,2026-06-30T03:04:26.865198+00:00,72.1,40,bid,,,131224
2026-06-30T13:04:26.437529,2026-06-30T03:04:27.376675+00:00,71.5,41,ask,,,131229
2026-06-30T13:04:26.637499,2026-06-30T03:04:27.584148+00:00,71.8,25,bid,,,131234
2026-06-30T13:04:26.846602,2026-06-30T03:04:27.790120+00:00,71.8,25,bid,,,131237
2026-06-30T13:04:27.053134,2026-06-30T03:04:27.997258+00:00,71.8,25,bid,,,131241
2026-06-30T13:04:27.266700,2026-06-30T03:04:28.215181+00:00,71.8,25,bid,,,131246
2026-06-30T13:04:27.474675,2026-06-30T03:04:28.420684+00:00,71.8,25,bid,,,131250
2026-06-30T13:04:27.592559,2026-06-30T03:04:28.539013+00:00,71.5,50,ask,,,131252
2026-06-30T13:04:27.684823,2026-06-30T03:04:28.627559+00:00,71.8,25,bid,,,131255
2026-06-30T13:04:29.463300,2026-06-30T03:04:30.408705+00:00,71.8,100,bid,,,131274
2026-06-30T13:04:29.721328,2026-06-30T03:04:30.659632+00:00,71.9,50,ask,,,131277
2026-06-30T13:04:33.929065,2026-06-30T03:04:34.870108+00:00,71.5,50,ask,,,131332
2026-06-30T13:04:35.119834,2026-06-30T03:04:36.067516+00:00,71.7,42,bid,,,131355
2026-06-30T13:04:37.829808,2026-06-30T03:04:38.771925+00:00,71.9,42,bid,,,131383
2026-06-30T13:04:37.883893,2026-06-30T03:04:38.827242+00:00,71.5,47,ask,,,131384
2026-06-30T13:04:38.087123,2026-06-30T03:04:39.033123+00:00,71.9,50,bid,,,131386
2026-06-30T13:04:40.194272,2026-06-30T03:04:41.133885+00:00,71.8,50,bid,,,131416
2026-06-30T13:04:40.235397,2026-06-30T03:04:41.177125+00:00,71.8,44,bid,,,131417
2026-06-30T13:04:42.300163,2026-06-30T03:04:43.247434+00:00,72.2,50,bid,,,131450
2026-06-30T13:04:44.432650,2026-06-30T03:04:45.380004+00:00,72.2,50,bid,,,131478
2026-06-30T13:04:45.520883,2026-06-30T03:04:46.467236+00:00,71.9,25,ask,,,131491
2026-06-30T13:04:45.730761,2026-06-30T03:04:46.673139+00:00,71.9,25,ask,,,131494
2026-06-30T13:04:45.782400,2026-06-30T03:04:46.727498+00:00,71.9,46,ask,,,131497
2026-06-30T13:04:45.940108,2026-06-30T03:04:46.878498+00:00,71.9,4,ask,,,131498
2026-06-30T13:04:46.540921,2026-06-30T03:04:47.488176+00:00,72.1,50,bid,,,131507
2026-06-30T13:04:48.648067,2026-06-30T03:04:49.590920+00:00,72.0,50,bid,,,131543
2026-06-30T13:04:50.713790,2026-06-30T03:04:51.657378+00:00,71.7,40,ask,,,131564
2026-06-30T13:04:50.755721,2026-06-30T03:04:51.700721+00:00,72.0,50,bid,,,131566
2026-06-30T13:04:51.410539,2026-06-30T03:04:52.353270+00:00,71.9,25,ask,,,131574
2026-06-30T13:04:51.618828,2026-06-30T03:04:52.559716+00:00,71.9,25,ask,,,131583
2026-06-30T13:04:51.827249,2026-06-30T03:04:52.767529+00:00,71.9,25,ask,,,131586
2026-06-30T13:04:52.035464,2026-06-30T03:04:52.982978+00:00,71.9,25,ask,,,131588
2026-06-30T13:04:52.858549,2026-06-30T03:04:53.797442+00:00,72.1,47,bid,,,131598
2026-06-30T13:04:53.917052,2026-06-30T03:04:54.864346+00:00,71.6,44,ask,,,131617
2026-06-30T13:04:54.910246,2026-06-30T03:04:55.854117+00:00,72.1,46,bid,,,131628
2026-06-30T13:04:54.965895,2026-06-30T03:04:55.907476+00:00,72.1,50,bid,,,131629
2026-06-30T13:04:55.249458,2026-06-30T03:04:56.190020+00:00,72.0,25,ask,,,131633
2026-06-30T13:04:55.456876,2026-06-30T03:04:56.397450+00:00,72.0,21,ask,,,131636
2026-06-30T13:04:57.097225,2026-06-30T03:04:58.037583+00:00,72.0,48,ask,,,131656
2026-06-30T13:04:57.122047,2026-06-30T03:04:58.069837+00:00,72.0,6,ask,,,131658
2026-06-30T13:04:57.122047,2026-06-30T03:04:58.069837+00:00,71.6,44,ask,,,131659
2026-06-30T13:04:57.572337,2026-06-30T03:04:58.516308+00:00,72.1,47,bid,,,131666
2026-06-30T13:04:57.907238,2026-06-30T03:04:58.853077+00:00,71.9,100,bid,,,131667
2026-06-30T13:04:57.966838,2026-06-30T03:04:58.907449+00:00,72.1,50,ask,,,131673
2026-06-30T13:04:58.785554,2026-06-30T03:04:59.730696+00:00,71.4,45,ask,,,131684
2026-06-30T13:04:59.228256,2026-06-30T03:05:00.167169+00:00,71.4,50,ask,,,131685
2026-06-30T13:05:01.974258,2026-06-30T03:05:02.916039+00:00,71.8,40,bid,,,131723
2026-06-30T13:05:02.586944,2026-06-30T03:05:03.534939+00:00,71.5,45,ask,,,131730
2026-06-30T13:05:03.285796,2026-06-30T03:05:04.227362+00:00,71.8,25,bid,,,131743
2026-06-30T13:05:03.495140,2026-06-30T03:05:04.433258+00:00,71.8,25,bid,,,131747
2026-06-30T13:05:03.703270,2026-06-30T03:05:04.648818+00:00,71.8,10,bid,,,131750
2026-06-30T13:05:04.085375,2026-06-30T03:05:05.027366+00:00,72.0,47,bid,,,131756
2026-06-30T13:05:05.544612,2026-06-30T03:05:06.494143+00:00,71.8,50,ask,,,131778
2026-06-30T13:05:09.413126,2026-06-30T03:05:10.358122+00:00,71.6,46,ask,,,131826
2026-06-30T13:05:09.705047,2026-06-30T03:05:10.673885+00:00,72.1,50,bid,,,131834
2026-06-30T13:05:11.157098,2026-06-30T03:05:12.127302+00:00,71.8,25,bid,,,131856
2026-06-30T13:05:11.364327,2026-06-30T03:05:12.311194+00:00,71.8,25,bid,,,131859
2026-06-30T13:05:11.810968,2026-06-30T03:05:12.758191+00:00,71.8,50,bid,,,131869
2026-06-30T13:05:12.172757,2026-06-30T03:05:13.118205+00:00,71.8,25,bid,,,131877
2026-06-30T13:05:13.214460,2026-06-30T03:05:14.161856+00:00,71.8,25,bid,,,131893
2026-06-30T13:05:13.214460,2026-06-30T03:05:14.161856+00:00,71.9,21,bid,,,131894
2026-06-30T13:05:13.731534,2026-06-30T03:05:14.673327+00:00,72.0,100,bid,,,131903
2026-06-30T13:05:13.795464,2026-06-30T03:05:14.738321+00:00,72.3,50,ask,,,131904
2026-06-30T13:05:13.968261,2026-06-30T03:05:14.912959+00:00,71.5,50,ask,,,131907
2026-06-30T13:05:16.074944,2026-06-30T03:05:17.017466+00:00,71.5,50,ask,,,131936
2026-06-30T13:05:18.184088,2026-06-30T03:05:19.127479+00:00,71.7,50,ask,,,131964
2026-06-30T13:05:19.915697,2026-06-30T03:05:20.858502+00:00,71.6,48,ask,,,131994
2026-06-30T13:05:20.289468,2026-06-30T03:05:21.227880+00:00,71.6,50,ask,,,132000
2026-06-30T13:05:22.343187,2026-06-30T03:05:23.294241+00:00,72.0,44,bid,,,132037
2026-06-30T13:05:22.404918,2026-06-30T03:05:23.348121+00:00,71.6,50,ask,,,132038
2026-06-30T13:05:23.199796,2026-06-30T03:05:24.139695+00:00,71.6,25,bid,,,132050
2026-06-30T13:05:23.407200,2026-06-30T03:05:24.347570+00:00,71.6,25,bid,,,132055
2026-06-30T13:05:23.616901,2026-06-30T03:05:24.555450+00:00,71.6,15,bid,,,132058
2026-06-30T13:05:24.360465,2026-06-30T03:05:25.307519+00:00,71.6,35,bid,,,132072
2026-06-30T13:05:24.414600,2026-06-30T03:05:25.360928+00:00,71.5,47,ask,,,132073
2026-06-30T13:05:24.512209,2026-06-30T03:05:25.458124+00:00,71.5,50,ask,,,132075
2026-06-30T13:05:24.912182,2026-06-30T03:05:25.860008+00:00,72.0,40,bid,,,132081
2026-06-30T13:05:28.724081,2026-06-30T03:05:29.665981+00:00,71.5,50,ask,,,132126
2026-06-30T13:05:29.698894,2026-06-30T03:05:30.637579+00:00,71.4,42,ask,,,132145
2026-06-30T13:05:34.997260,2026-06-30T03:05:35.941903+00:00,71.7,50,bid,,,132201
2026-06-30T13:05:35.300534,2026-06-30T03:05:36.247384+00:00,71.2,41,ask,,,132209
2026-06-30T13:05:37.166297,2026-06-30T03:05:38.107376+00:00,71.1,50,ask,,,132232
2026-06-30T13:05:37.507310,2026-06-30T03:05:38.456295+00:00,71.6,100,bid,,,132244
2026-06-30T13:05:37.507310,2026-06-30T03:05:38.456295+00:00,71.6,50,bid,,,132245
2026-06-30T13:05:37.521290,2026-06-30T03:05:38.467355+00:00,71.6,45,bid,,,132246
2026-06-30T13:05:38.075026,2026-06-30T03:05:39.020695+00:00,71.6,47,bid,,,132249
2026-06-30T13:05:39.021435,2026-06-30T03:05:39.965976+00:00,71.8,100,bid,,,132264
2026-06-30T13:05:39.220709,2026-06-30T03:05:40.193188+00:00,72.3,50,bid,,,132266
2026-06-30T13:05:41.327422,2026-06-30T03:05:42.269920+00:00,72.3,50,bid,,,132292
2026-06-30T13:05:41.949057,2026-06-30T03:05:42.889062+00:00,71.8,45,ask,,,132299
2026-06-30T13:05:43.111418,2026-06-30T03:05:44.054933+00:00,71.5,44,ask,,,132315
2026-06-30T13:05:43.433560,2026-06-30T03:05:44.379738+00:00,72.0,50,bid,,,132317
2026-06-30T13:05:44.275994,2026-06-30T03:05:45.217334+00:00,72.0,42,bid,,,132336
2026-06-30T13:05:45.558627,2026-06-30T03:05:46.500166+00:00,72.1,50,bid,,,132349
2026-06-30T13:05:47.669807,2026-06-30T03:05:48.610684+00:00,72.1,50,bid,,,132378
2026-06-30T13:05:48.499643,2026-06-30T03:05:49.447295+00:00,72.0,150,ask,,,132387
2026-06-30T13:05:49.148031,2026-06-30T03:05:50.088292+00:00,71.7,41,ask,,,132397
2026-06-30T13:05:50.994557,2026-06-30T03:05:51.937602+00:00,72.2,42,bid,,,132414
2026-06-30T13:05:51.889883,2026-06-30T03:05:52.831845+00:00,71.8,50,bid,,,132428
2026-06-30T13:05:53.995908,2026-06-30T03:05:54.976524+00:00,71.8,50,bid,,,132457
2026-06-30T13:05:54.581132,2026-06-30T03:05:55.528569+00:00,71.8,50,bid,,,132472
2026-06-30T13:05:54.876280,2026-06-30T03:05:55.821804+00:00,72.0,25,ask,,,132476
2026-06-30T13:05:55.084256,2026-06-30T03:05:56.027538+00:00,72.0,25,ask,,,132481
2026-06-30T13:05:55.292868,2026-06-30T03:05:56.233886+00:00,72.0,25,ask,,,132483
2026-06-30T13:05:55.501971,2026-06-30T03:05:56.441772+00:00,72.0,25,ask,,,132485
2026-06-30T13:05:55.650362,2026-06-30T03:05:56.595160+00:00,72.0,50,ask,,,132491
2026-06-30T13:05:55.737714,2026-06-30T03:05:56.681150+00:00,71.8,43,ask,,,132496
2026-06-30T13:05:56.103325,2026-06-30T03:05:57.050892+00:00,72.3,50,bid,,,132501
2026-06-30T13:05:58.211171,2026-06-30T03:05:59.158428+00:00,72.0,50,bid,,,132535
2026-06-30T13:05:59.283575,2026-06-30T03:06:00.225468+00:00,72.0,47,bid,,,132551
2026-06-30T13:05:59.821204,2026-06-30T03:06:00.767348+00:00,71.7,48,ask,,,132557
2026-06-30T13:06:00.370304,2026-06-30T03:06:01.312153+00:00,71.7,50,ask,,,132561
2026-06-30T13:06:01.136899,2026-06-30T03:06:02.076773+00:00,71.9,100,bid,,,132577
2026-06-30T13:06:01.426760,2026-06-30T03:06:02.369042+00:00,72.4,41,bid,,,132578
2026-06-30T13:06:01.936393,2026-06-30T03:06:02.880120+00:00,71.9,47,ask,,,132582
2026-06-30T13:06:02.426390,2026-06-30T03:06:03.370892+00:00,72.4,50,bid,,,132584
2026-06-30T13:06:02.433727,2026-06-30T03:06:03.381955+00:00,72.4,43,bid,,,132585
2026-06-30T13:06:03.379701,2026-06-30T03:06:04.317590+00:00,71.9,3,ask,,,132595
2026-06-30T13:06:03.454092,2026-06-30T03:06:04.393121+00:00,71.4,41,ask,,,132600
2026-06-30T13:06:04.534515,2026-06-30T03:06:05.479182+00:00,72.0,50,bid,,,132618
2026-06-30T13:06:04.955860,2026-06-30T03:06:05.896017+00:00,72.0,46,bid,,,132624
2026-06-30T13:06:08.794272,2026-06-30T03:06:09.737118+00:00,71.7,50,ask,,,132662
2026-06-30T13:06:10.901349,2026-06-30T03:06:11.847245+00:00,71.7,50,ask,,,132690
2026-06-30T13:06:13.008854,2026-06-30T03:06:13.948854+00:00,71.7,50,ask,,,132710
2026-06-30T13:06:15.063744,2026-06-30T03:06:16.009860+00:00,71.8,50,bid,,,132736
2026-06-30T13:06:15.734484,2026-06-30T03:06:16.672868+00:00,71.8,41,bid,,,132745
2026-06-30T13:06:16.461979,2026-06-30T03:06:17.408829+00:00,71.6,25,ask,,,132758
2026-06-30T13:06:16.670403,2026-06-30T03:06:17.628172+00:00,71.6,25,ask,,,132764
2026-06-30T13:06:17.169153,2026-06-30T03:06:18.107307+00:00,71.7,50,bid,,,132768
2026-06-30T13:06:20.485792,2026-06-30T03:06:21.432906+00:00,71.7,25,ask,,,132811
2026-06-30T13:06:20.698184,2026-06-30T03:06:21.638641+00:00,71.7,22,ask,,,132815
2026-06-30T13:06:21.083841,2026-06-30T03:06:22.032192+00:00,71.7,48,ask,,,132822
2026-06-30T13:06:23.489134,2026-06-30T03:06:24.439833+00:00,71.7,50,bid,,,132844
2026-06-30T13:06:25.647906,2026-06-30T03:06:26.586035+00:00,71.5,50,ask,,,132876
2026-06-30T13:06:27.650805,2026-06-30T03:06:28.598979+00:00,71.4,40,ask,,,132899
2026-06-30T13:06:27.707253,2026-06-30T03:06:28.654377+00:00,71.9,50,bid,,,132900
2026-06-30T13:06:29.812057,2026-06-30T03:06:30.758839+00:00,71.9,50,bid,,,132926
2026-06-30T13:06:31.917883,2026-06-30T03:06:32.857873+00:00,71.9,50,bid,,,132946
2026-06-30T13:06:33.940555,2026-06-30T03:06:34.878828+00:00,71.6,44,ask,,,132962
2026-06-30T13:06:34.025968,2026-06-30T03:06:34.966444+00:00,71.8,50,bid,,,132963
2026-06-30T13:06:36.204545,2026-06-30T03:06:37.148889+00:00,71.6,50,ask,,,132997
2026-06-30T13:06:39.849311,2026-06-30T03:06:40.788149+00:00,71.6,42,bid,,,133040
2026-06-30T13:06:40.416368,2026-06-30T03:06:41.364126+00:00,71.2,50,ask,,,133049
2026-06-30T13:06:40.938861,2026-06-30T03:06:41.877585+00:00,71.6,45,bid,,,133053
2026-06-30T13:06:42.160763,2026-06-30T03:06:43.108059+00:00,71.1,49,ask,,,133061
2026-06-30T13:06:43.237038,2026-06-30T03:06:44.175448+00:00,71.6,45,bid,,,133081
2026-06-30T13:06:44.627612,2026-06-30T03:06:45.571952+00:00,71.3,50,ask,,,133099
2026-06-30T13:06:44.857962,2026-06-30T03:06:45.798965+00:00,71.3,41,ask,,,133105
2026-06-30T13:06:45.473515,2026-06-30T03:06:46.418231+00:00,71.4,100,ask,,,133113
2026-06-30T13:06:46.588373,2026-06-30T03:06:47.538276+00:00,71.4,50,bid,,,133130
2026-06-30T13:06:48.063333,2026-06-30T03:06:49.008277+00:00,71.9,40,bid,,,133147
2026-06-30T13:06:48.581218,2026-06-30T03:06:49.519841+00:00,71.6,100,bid,,,133153
2026-06-30T13:06:48.836753,2026-06-30T03:06:49.778960+00:00,71.6,50,ask,,,133157
2026-06-30T13:06:50.944090,2026-06-30T03:06:51.887274+00:00,71.1,50,ask,,,133181
2026-06-30T13:06:52.797876,2026-06-30T03:06:53.746423+00:00,71.6,48,bid,,,133210
2026-06-30T13:06:53.050716,2026-06-30T03:06:53.997136+00:00,71.4,50,ask,,,133214
2026-06-30T13:06:53.323671,2026-06-30T03:06:54.280168+00:00,71.4,44,ask,,,133219
2026-06-30T13:06:55.160890,2026-06-30T03:06:56.107916+00:00,71.2,50,ask,,,133240
2026-06-30T13:06:57.178855,2026-06-30T03:06:58.118995+00:00,71.5,25,bid,,,133259
2026-06-30T13:06:57.266809,2026-06-30T03:06:58.207514+00:00,71.2,50,ask,,,133260
2026-06-30T13:06:57.396377,2026-06-30T03:06:58.337929+00:00,71.5,25,bid,,,133264
2026-06-30T13:06:57.606657,2026-06-30T03:06:58.545271+00:00,71.5,25,bid,,,133270
2026-06-30T13:06:58.216727,2026-06-30T03:06:59.166461+00:00,71.5,25,bid,,,133280
2026-06-30T13:06:59.374624,2026-06-30T03:07:00.318537+00:00,71.4,50,ask,,,133289
2026-06-30T13:06:59.841533,2026-06-30T03:07:00.787282+00:00,71.5,25,bid,,,133295
2026-06-30T13:07:00.049383,2026-06-30T03:07:00.994202+00:00,71.5,25,bid,,,133302
2026-06-30T13:07:00.257071,2026-06-30T03:07:01.213217+00:00,71.5,25,bid,,,133305
2026-06-30T13:07:00.465206,2026-06-30T03:07:01.410144+00:00,71.5,25,bid,,,133309
2026-06-30T13:07:01.480747,2026-06-30T03:07:02.421958+00:00,71.3,50,ask,,,133322
2026-06-30T13:07:03.017378,2026-06-30T03:07:03.962287+00:00,71.3,47,ask,,,133340
2026-06-30T13:07:03.585841,2026-06-30T03:07:04.528104+00:00,71.3,3,ask,,,133346
2026-06-30T13:07:03.585841,2026-06-30T03:07:04.528104+00:00,71.3,47,ask,,,133347
2026-06-30T13:07:05.704308,2026-06-30T03:07:06.644275+00:00,71.3,50,ask,,,133368
2026-06-30T13:07:06.222748,2026-06-30T03:07:07.164359+00:00,71.5,100,bid,,,133375
2026-06-30T13:07:06.889382,2026-06-30T03:07:07.837476+00:00,71.8,47,bid,,,133387
2026-06-30T13:07:07.497911,2026-06-30T03:07:08.436484+00:00,71.2,44,ask,,,133391
2026-06-30T13:07:07.810416,2026-06-30T03:07:08.750677+00:00,71.2,50,ask,,,133395
2026-06-30T13:07:08.487075,2026-06-30T03:07:09.427284+00:00,71.7,44,bid,,,133405
2026-06-30T13:07:09.050098,2026-06-30T03:07:09.994066+00:00,71.7,44,bid,,,133407
2026-06-30T13:07:09.916178,2026-06-30T03:07:10.861094+00:00,71.2,6,ask,,,133418
2026-06-30T13:07:09.916178,2026-06-30T03:07:10.861094+00:00,71.2,44,ask,,,133419
2026-06-30T13:07:10.134446,2026-06-30T03:07:11.078596+00:00,71.2,45,ask,,,133425
2026-06-30T13:07:12.028195,2026-06-30T03:07:12.976266+00:00,71.2,50,ask,,,133440
2026-06-30T13:07:13.938270,2026-06-30T03:07:14.886440+00:00,71.2,50,bid,,,133465
2026-06-30T13:07:14.134901,2026-06-30T03:07:15.080888+00:00,70.9,50,ask,,,133470
2026-06-30T13:07:16.240339,2026-06-30T03:07:17.184996+00:00,70.9,50,ask,,,133496
2026-06-30T13:07:19.667654,2026-06-30T03:07:20.611059+00:00,71.4,49,bid,,,133536
2026-06-30T13:07:20.009150,2026-06-30T03:07:20.957428+00:00,71.2,100,ask,,,133541
2026-06-30T13:07:20.237263,2026-06-30T03:07:21.186382+00:00,70.7,49,ask,,,133544
2026-06-30T13:07:22.449439,2026-06-30T03:07:23.389773+00:00,70.7,50,ask,,,133580
2026-06-30T13:07:23.116957,2026-06-30T03:07:24.056188+00:00,71.0,100,bid,,,133586
2026-06-30T13:07:24.555596,2026-06-30T03:07:25.500408+00:00,71.1,50,ask,,,133600
2026-06-30T13:07:24.575924,2026-06-30T03:07:25.522533+00:00,71.1,46,ask,,,133601
2026-06-30T13:07:26.329669,2026-06-30T03:07:27.276293+00:00,71.1,54,ask,,,133617
2026-06-30T13:07:26.660813,2026-06-30T03:07:27.603025+00:00,70.6,50,ask,,,133623
2026-06-30T13:07:28.715589,2026-06-30T03:07:29.658660+00:00,70.9,50,bid,,,133647
2026-06-30T13:07:30.820773,2026-06-30T03:07:31.764302+00:00,71.2,50,bid,,,133672
2026-06-30T13:07:32.928041,2026-06-30T03:07:33.871842+00:00,71.2,50,bid,,,133699
2026-06-30T13:07:35.084945,2026-06-30T03:07:36.031055+00:00,70.8,50,ask,,,133718
2026-06-30T13:07:37.190787,2026-06-30T03:07:38.138481+00:00,70.8,50,ask,,,133740
2026-06-30T13:07:40.456962,2026-06-30T03:07:41.399628+00:00,71.1,41,bid,,,133780
2026-06-30T13:07:40.933241,2026-06-30T03:07:41.878462+00:00,71.1,46,bid,,,133783
2026-06-30T13:07:42.515050,2026-06-30T03:07:43.458496+00:00,71.2,48,bid,,,133802
2026-06-30T13:07:43.456688,2026-06-30T03:07:44.396521+00:00,71.2,50,bid,,,133819
2026-06-30T13:07:43.560951,2026-06-30T03:07:44.505676+00:00,70.8,46,ask,,,133821
2026-06-30T13:07:44.655040,2026-06-30T03:07:45.608275+00:00,71.2,44,bid,,,133838
2026-06-30T13:07:45.482996,2026-06-30T03:07:46.424342+00:00,71.2,100,bid,,,133850
2026-06-30T13:07:47.664158,2026-06-30T03:07:48.611859+00:00,71.7,50,bid,,,133879
2026-06-30T13:07:49.768549,2026-06-30T03:07:50.708907+00:00,71.7,50,bid,,,133902
2026-06-30T13:07:51.875618,2026-06-30T03:07:52.817177+00:00,71.6,50,bid,,,133919
2026-06-30T13:07:53.983902,2026-06-30T03:07:54.927996+00:00,71.6,50,bid,,,133944
2026-06-30T13:07:54.995458,2026-06-30T03:07:55.937566+00:00,71.6,42,ask,,,133958
2026-06-30T13:07:56.089129,2026-06-30T03:07:57.034190+00:00,71.8,50,bid,,,133969
2026-06-30T13:07:57.070559,2026-06-30T03:07:58.013341+00:00,71.6,44,ask,,,133982
2026-06-30T13:07:58.088627,2026-06-30T03:07:59.034334+00:00,71.4,45,ask,,,133996
2026-06-30T13:07:58.212358,2026-06-30T03:07:59.155119+00:00,71.7,50,bid,,,133998
2026-06-30T13:07:58.618007,2026-06-30T03:07:59.557453+00:00,71.7,40,bid,,,134001
2026-06-30T13:07:59.730301,2026-06-30T03:08:00.673962+00:00,71.4,47,ask,,,134009
2026-06-30T13:08:00.318313,2026-06-30T03:08:01.258954+00:00,71.7,50,bid,,,134012
2026-06-30T13:08:00.359838,2026-06-30T03:08:01.303286+00:00,71.7,10,bid,,,134013
2026-06-30T13:08:00.359838,2026-06-30T03:08:01.303286+00:00,71.9,39,bid,,,134014
2026-06-30T13:08:01.285126,2026-06-30T03:08:02.226551+00:00,71.5,100,bid,,,134033
2026-06-30T13:08:01.781898,2026-06-30T03:08:02.722852+00:00,71.7,25,ask,,,134041
2026-06-30T13:08:01.991502,2026-06-30T03:08:02.938934+00:00,71.7,25,ask,,,134050
2026-06-30T13:08:02.425245,2026-06-30T03:08:03.365314+00:00,72.2,50,bid,,,134056
2026-06-30T13:08:02.564916,2026-06-30T03:08:03.506236+00:00,71.0,40,ask,,,134061
2026-06-30T13:08:04.531799,2026-06-30T03:08:05.476372+00:00,71.5,50,bid,,,134089
2026-06-30T13:08:05.774925,2026-06-30T03:08:06.724372+00:00,71.5,49,bid,,,134103
2026-06-30T13:08:06.637587,2026-06-30T03:08:07.582226+00:00,71.5,50,bid,,,134116
2026-06-30T13:08:07.605680,2026-06-30T03:08:08.548657+00:00,71.7,100,bid,,,134129
2026-06-30T13:08:07.677700,2026-06-30T03:08:08.626132+00:00,71.8,50,ask,,,134133
2026-06-30T13:08:08.744150,2026-06-30T03:08:09.687751+00:00,72.3,50,bid,,,134142
2026-06-30T13:08:10.310888,2026-06-30T03:08:11.253215+00:00,71.2,46,ask,,,134162
2026-06-30T13:08:10.852560,2026-06-30T03:08:11.797444+00:00,71.8,50,bid,,,134169
2026-06-30T13:08:12.958068,2026-06-30T03:08:13.898032+00:00,71.8,50,bid,,,134199
2026-06-30T13:08:13.697311,2026-06-30T03:08:14.646949+00:00,71.8,100,bid,,,134217
2026-06-30T13:08:14.022934,2026-06-30T03:08:14.965950+00:00,71.9,25,ask,,,134221
2026-06-30T13:08:14.230922,2026-06-30T03:08:15.174951+00:00,71.9,25,ask,,,134223
2026-06-30T13:08:14.286974,2026-06-30T03:08:15.229949+00:00,71.9,100,ask,,,134225
2026-06-30T13:08:15.064178,2026-06-30T03:08:16.010538+00:00,72.3,50,bid,,,134236
2026-06-30T13:08:16.192884,2026-06-30T03:08:17.132784+00:00,72.3,44,bid,,,134249
2026-06-30T13:08:16.893748,2026-06-30T03:08:17.842013+00:00,71.9,50,ask,,,134262
2026-06-30T13:08:17.044355,2026-06-30T03:08:17.982968+00:00,71.9,25,ask,,,134263
2026-06-30T13:08:17.142187,2026-06-30T03:08:18.091189+00:00,71.9,25,ask,,,134265
2026-06-30T13:08:17.170567,2026-06-30T03:08:18.113297+00:00,71.8,50,bid,,,134266
2026-06-30T13:08:17.259619,2026-06-30T03:08:18.200785+00:00,71.3,46,ask,,,134267
2026-06-30T13:08:19.276506,2026-06-30T03:08:20.219752+00:00,71.8,50,bid,,,134297
2026-06-30T13:08:20.384843,2026-06-30T03:08:21.328493+00:00,71.5,43,ask,,,134312
2026-06-30T13:08:20.939160,2026-06-30T03:08:21.882844+00:00,71.8,43,bid,,,134314
2026-06-30T13:08:21.384010,2026-06-30T03:08:22.329806+00:00,71.8,50,bid,,,134319
2026-06-30T13:08:23.264132,2026-06-30T03:08:24.202821+00:00,71.7,25,ask,,,134335
2026-06-30T13:08:23.473004,2026-06-30T03:08:24.420769+00:00,71.7,25,ask,,,134344
2026-06-30T13:08:23.489891,2026-06-30T03:08:24.431831+00:00,71.9,50,bid,,,134346
2026-06-30T13:08:23.681148,2026-06-30T03:08:24.627588+00:00,71.7,25,ask,,,134348
2026-06-30T13:08:25.246237,2026-06-30T03:08:26.193010+00:00,71.9,42,bid,,,134374
2026-06-30T13:08:27.702530,2026-06-30T03:08:28.642105+00:00,72.0,50,bid,,,134409
2026-06-30T13:08:29.475757,2026-06-30T03:08:30.417461+00:00,71.8,40,ask,,,134433
2026-06-30T13:08:29.860026,2026-06-30T03:08:30.808045+00:00,71.7,50,ask,,,134437
2026-06-30T13:08:30.043816,2026-06-30T03:08:30.992913+00:00,71.7,49,ask,,,134439
2026-06-30T13:08:30.991910,2026-06-30T03:08:31.940792+00:00,72.1,42,bid,,,134453
2026-06-30T13:08:31.926884,2026-06-30T03:08:32.874051+00:00,72.1,50,bid,,,134466
2026-06-30T13:08:32.023616,2026-06-30T03:08:32.970699+00:00,71.7,1,ask,,,134467
2026-06-30T13:08:32.891871,2026-06-30T03:08:33.841230+00:00,71.9,100,bid,,,134481
2026-06-30T13:08:34.032671,2026-06-30T03:08:34.980892+00:00,72.5,50,bid,,,134495
2026-06-30T13:08:36.138781,2026-06-30T03:08:37.078204+00:00,72.2,50,bid,,,134521
2026-06-30T13:08:37.276135,2026-06-30T03:08:38.218300+00:00,72.2,40,bid,,,134532
2026-06-30T13:08:37.771788,2026-06-30T03:08:38.719709+00:00,71.8,43,ask,,,134541
2026-06-30T13:08:38.243734,2026-06-30T03:08:39.186285+00:00,72.2,10,bid,,,134549
2026-06-30T13:08:38.243734,2026-06-30T03:08:39.186285+00:00,72.3,40,bid,,,134550
2026-06-30T13:08:39.345086,2026-06-30T03:08:40.285311+00:00,72.2,41,bid,,,134558
2026-06-30T13:08:40.365208,2026-06-30T03:08:41.307791+00:00,72.2,50,bid,,,134561
2026-06-30T13:08:44.598736,2026-06-30T03:08:45.548491+00:00,72.4,50,bid,,,134615
2026-06-30T13:08:46.755098,2026-06-30T03:08:47.702230+00:00,72.1,50,ask,,,134643
2026-06-30T13:08:48.862448,2026-06-30T03:08:49.815057+00:00,72.1,50,ask,,,134666
2026-06-30T13:08:49.099006,2026-06-30T03:08:50.045570+00:00,72.1,44,ask,,,134672
2026-06-30T13:08:50.918823,2026-06-30T03:08:51.858945+00:00,72.4,50,bid,,,134688
2026-06-30T13:08:52.312727,2026-06-30T03:08:53.256019+00:00,72.3,47,bid,,,134702
2026-06-30T13:08:53.075425,2026-06-30T03:08:54.014214+00:00,72.2,50,ask,,,134714
2026-06-30T13:08:59.401180,2026-06-30T03:09:00.346019+00:00,72.0,50,ask,,,134776
2026-06-30T13:09:01.457055,2026-06-30T03:09:02.397713+00:00,72.4,50,bid,,,134799
2026-06-30T13:09:03.614646,2026-06-30T03:09:04.559869+00:00,72.0,50,ask,,,134837
2026-06-30T13:09:04.594639,2026-06-30T03:09:05.538716+00:00,71.8,49,ask,,,134853
2026-06-30T13:09:05.721104,2026-06-30T03:09:06.667714+00:00,71.8,50,ask,,,134868
2026-06-30T13:09:06.036565,2026-06-30T03:09:06.984413+00:00,71.8,1,ask,,,134874
2026-06-30T13:09:06.036565,2026-06-30T03:09:06.984413+00:00,71.5,47,ask,,,134875
2026-06-30T13:09:07.777149,2026-06-30T03:09:08.718151+00:00,72.0,50,bid,,,134888
2026-06-30T13:09:12.038159,2026-06-30T03:09:12.979936+00:00,71.6,50,ask,,,134929
2026-06-30T13:09:14.143832,2026-06-30T03:09:15.088164+00:00,71.4,50,ask,,,134955
2026-06-30T13:09:14.618629,2026-06-30T03:09:15.566669+00:00,71.7,47,bid,,,134961
2026-06-30T13:09:15.651477,2026-06-30T03:09:16.597405+00:00,71.7,41,bid,,,134979
2026-06-30T13:09:16.249470,2026-06-30T03:09:17.196377+00:00,71.4,50,ask,,,134982
2026-06-30T13:09:18.354592,2026-06-30T03:09:19.302247+00:00,71.4,50,ask,,,135009
2026-06-30T13:09:19.558708,2026-06-30T03:09:20.499200+00:00,71.4,43,ask,,,135029
2026-06-30T13:09:20.462056,2026-06-30T03:09:21.410173+00:00,71.1,50,ask,,,135038
2026-06-30T13:09:22.570119,2026-06-30T03:09:23.518555+00:00,71.1,50,ask,,,135064
2026-06-30T13:09:24.678122,2026-06-30T03:09:25.617788+00:00,71.0,50,ask,,,135094
2026-06-30T13:09:26.784146,2026-06-30T03:09:27.724916+00:00,71.0,50,ask,,,135127
2026-06-30T13:09:28.891505,2026-06-30T03:09:29.832267+00:00,71.0,50,ask,,,135154
2026-06-30T13:09:29.815554,2026-06-30T03:09:30.757036+00:00,71.2,25,bid,,,135168
2026-06-30T13:09:30.002452,2026-06-30T03:09:30.952307+00:00,71.2,47,bid,,,135170
2026-06-30T13:09:30.024319,2026-06-30T03:09:30.963371+00:00,71.2,25,bid,,,135172
2026-06-30T13:09:30.996740,2026-06-30T03:09:31.941027+00:00,70.9,50,ask,,,135187
2026-06-30T13:09:33.103191,2026-06-30T03:09:34.048296+00:00,70.9,50,ask,,,135216
2026-06-30T13:09:33.638355,2026-06-30T03:09:34.579908+00:00,71.0,25,bid,,,135225
2026-06-30T13:09:33.845439,2026-06-30T03:09:34.787389+00:00,71.0,25,bid,,,135232
2026-06-30T13:09:34.052825,2026-06-30T03:09:34.994330+00:00,71.0,25,bid,,,135236
2026-06-30T13:09:34.259811,2026-06-30T03:09:35.200776+00:00,71.0,25,bid,,,135240
2026-06-30T13:09:34.467498,2026-06-30T03:09:35.407604+00:00,71.0,25,bid,,,135243
2026-06-30T13:09:34.675076,2026-06-30T03:09:35.623354+00:00,71.0,25,bid,,,135247
2026-06-30T13:09:35.210471,2026-06-30T03:09:36.154477+00:00,70.9,50,ask,,,135257
2026-06-30T13:09:36.044591,2026-06-30T03:09:36.992056+00:00,70.8,100,bid,,,135267
2026-06-30T13:09:37.318256,2026-06-30T03:09:38.262148+00:00,71.3,50,ask,,,135287
2026-06-30T13:09:38.084760,2026-06-30T03:09:39.031849+00:00,71.3,25,ask,,,135296
2026-06-30T13:09:38.291623,2026-06-30T03:09:39.238755+00:00,71.3,25,ask,,,135298
2026-06-30T13:09:38.501064,2026-06-30T03:09:39.446063+00:00,71.3,25,ask,,,135302
2026-06-30T13:09:38.719626,2026-06-30T03:09:39.663081+00:00,71.3,25,ask,,,135312
2026-06-30T13:09:39.323072,2026-06-30T03:09:40.269831+00:00,70.8,40,ask,,,135322
2026-06-30T13:09:39.371656,2026-06-30T03:09:40.314082+00:00,71.0,50,bid,,,135325
2026-06-30T13:09:39.373648,2026-06-30T03:09:40.314082+00:00,71.0,100,bid,,,135326
2026-06-30T13:09:41.487619,2026-06-30T03:09:42.434402+00:00,71.3,50,bid,,,135349
2026-06-30T13:09:43.644405,2026-06-30T03:09:44.585266+00:00,71.4,50,ask,,,135373
2026-06-30T13:09:44.738263,2026-06-30T03:09:45.678399+00:00,71.4,25,ask,,,135387
2026-06-30T13:09:44.947368,2026-06-30T03:09:45.895354+00:00,71.4,25,ask,,,135392
2026-06-30T13:09:45.155394,2026-06-30T03:09:46.102194+00:00,71.4,25,ask,,,135395
2026-06-30T13:09:45.364995,2026-06-30T03:09:46.308552+00:00,71.4,25,ask,,,135399
2026-06-30T13:09:45.749154,2026-06-30T03:09:46.700806+00:00,70.9,50,ask,,,135408
2026-06-30T13:09:45.776755,2026-06-30T03:09:46.722933+00:00,71.1,25,bid,,,135410
2026-06-30T13:09:45.941343,2026-06-30T03:09:46.886482+00:00,71.1,49,bid,,,135413
2026-06-30T13:09:45.985921,2026-06-30T03:09:46.927763+00:00,71.1,25,bid,,,135415
2026-06-30T13:09:46.195751,2026-06-30T03:09:47.135165+00:00,71.1,25,bid,,,135417
2026-06-30T13:09:46.404114,2026-06-30T03:09:47.353272+00:00,71.1,25,bid,,,135421
2026-06-30T13:09:46.611897,2026-06-30T03:09:47.559255+00:00,71.1,1,bid,,,135427
2026-06-30T13:09:47.637862,2026-06-30T03:09:48.586193+00:00,71.4,2,bid,,,135448
2026-06-30T13:09:47.843147,2026-06-30T03:09:48.792197+00:00,71.4,2,bid,,,135450
2026-06-30T13:09:47.855923,2026-06-30T03:09:48.803258+00:00,70.9,50,ask,,,135451
2026-06-30T13:09:48.048647,2026-06-30T03:09:48.987510+00:00,71.4,2,bid,,,135458
2026-06-30T13:09:48.253164,2026-06-30T03:09:49.194400+00:00,71.4,2,bid,,,135463
2026-06-30T13:09:48.457985,2026-06-30T03:09:49.400798+00:00,71.4,2,bid,,,135467
2026-06-30T13:09:48.662565,2026-06-30T03:09:49.607650+00:00,71.2,2,bid,,,135469
2026-06-30T13:09:48.797682,2026-06-30T03:09:49.738033+00:00,71.2,98,bid,,,135470
2026-06-30T13:09:49.985304,2026-06-30T03:09:50.930198+00:00,71.3,50,ask,,,135478
2026-06-30T13:09:51.008705,2026-06-30T03:09:51.952132+00:00,71.3,2,ask,,,135495
2026-06-30T13:09:52.091259,2026-06-30T03:09:53.038987+00:00,71.0,50,ask,,,135514
2026-06-30T13:09:55.295037,2026-06-30T03:09:56.240216+00:00,71.0,25,bid,,,135557
2026-06-30T13:09:55.504222,2026-06-30T03:09:56.447528+00:00,71.0,25,bid,,,135565
2026-06-30T13:09:55.712812,2026-06-30T03:09:56.652987+00:00,71.0,25,bid,,,135569
2026-06-30T13:09:55.922090,2026-06-30T03:09:56.868928+00:00,71.0,12,bid,,,135572
2026-06-30T13:09:56.255116,2026-06-30T03:09:57.196550+00:00,71.0,50,bid,,,135576
2026-06-30T13:09:56.935790,2026-06-30T03:09:57.882286+00:00,71.0,13,bid,,,135582
2026-06-30T13:09:56.935790,2026-06-30T03:09:57.882286+00:00,71.4,34,bid,,,135583
2026-06-30T13:09:58.413134,2026-06-30T03:09:59.357134+00:00,71.4,50,ask,,,135604
2026-06-30T13:10:00.469132,2026-06-30T03:10:01.410878+00:00,71.6,50,bid,,,135631
2026-06-30T13:10:02.350272,2026-06-30T03:10:03.293110+00:00,71.1,47,ask,,,135655
2026-06-30T13:10:02.576590,2026-06-30T03:10:03.521136+00:00,71.6,50,bid,,,135657
2026-06-30T13:10:04.681828,2026-06-30T03:10:05.624322+00:00,71.4,50,bid,,,135686
2026-06-30T13:10:05.881275,2026-06-30T03:10:06.827946+00:00,71.4,49,bid,,,135696
2026-06-30T13:10:06.788809,2026-06-30T03:10:07.728432+00:00,71.4,1,bid,,,135710
2026-06-30T13:10:06.788809,2026-06-30T03:10:07.739011+00:00,71.7,49,bid,,,135711
2026-06-30T13:10:07.573307,2026-06-30T03:10:08.519860+00:00,71.4,47,ask,,,135720
2026-06-30T13:10:07.747438,2026-06-30T03:10:08.695000+00:00,71.4,25,ask,,,135724
2026-06-30T13:10:07.956265,2026-06-30T03:10:08.899892+00:00,71.4,25,ask,,,135727
2026-06-30T13:10:08.458577,2026-06-30T03:10:09.398180+00:00,71.7,49,bid,,,135732
2026-06-30T13:10:08.895293,2026-06-30T03:10:09.836056+00:00,71.7,50,bid,,,135746
2026-06-30T13:10:10.939938,2026-06-30T03:10:11.890020+00:00,71.8,150,ask,,,135769
2026-06-30T13:10:11.002375,2026-06-30T03:10:11.945330+00:00,71.9,50,bid,,,135771
2026-06-30T13:10:13.109528,2026-06-30T03:10:14.058094+00:00,71.9,50,bid,,,135795
2026-06-30T13:10:13.584628,2026-06-30T03:10:14.533436+00:00,71.4,25,ask,,,135803
2026-06-30T13:10:13.794750,2026-06-30T03:10:14.740092+00:00,71.4,25,ask,,,135812
2026-06-30T13:10:14.696903,2026-06-30T03:10:15.643414+00:00,71.5,25,bid,,,135821
2026-06-30T13:10:14.724472,2026-06-30T03:10:15.665540+00:00,71.5,25,bid,,,135823
2026-06-30T13:10:14.751841,2026-06-30T03:10:15.697753+00:00,71.5,25,bid,,,135825
2026-06-30T13:10:15.216064,2026-06-30T03:10:16.165441+00:00,71.5,50,bid,,,135832
2026-06-30T13:10:15.674866,2026-06-30T03:10:16.623077+00:00,71.2,48,ask,,,135838
2026-06-30T13:10:16.721851,2026-06-30T03:10:17.668309+00:00,71.5,25,bid,,,135848
2026-06-30T13:10:16.776452,2026-06-30T03:10:17.723164+00:00,71.2,41,ask,,,135851
2026-06-30T13:10:17.256221,2026-06-30T03:10:18.199011+00:00,71.5,100,bid,,,135856
2026-06-30T13:10:17.318856,2026-06-30T03:10:18.265400+00:00,71.7,50,ask,,,135857
2026-06-30T13:10:20.566050,2026-06-30T03:10:21.510014+00:00,71.4,40,ask,,,135888
2026-06-30T13:10:21.587600,2026-06-30T03:10:22.534114+00:00,71.4,50,ask,,,135898
2026-06-30T13:10:22.216903,2026-06-30T03:10:23.156221+00:00,71.4,10,ask,,,135910
2026-06-30T13:10:22.243616,2026-06-30T03:10:23.188479+00:00,71.7,47,bid,,,135913
2026-06-30T13:10:23.642744,2026-06-30T03:10:24.590677+00:00,71.5,50,bid,,,135933
2026-06-30T13:10:24.966034,2026-06-30T03:10:25.906328+00:00,71.3,42,ask,,,135948
2026-06-30T13:10:25.594913,2026-06-30T03:10:26.537032+00:00,71.5,45,bid,,,135955
2026-06-30T13:10:26.123442,2026-06-30T03:10:27.068726+00:00,71.5,5,bid,,,135966
2026-06-30T13:10:26.123442,2026-06-30T03:10:27.068726+00:00,71.8,41,bid,,,135967
2026-06-30T13:10:27.848320,2026-06-30T03:10:28.788281+00:00,71.9,50,bid,,,135987
2026-06-30T13:10:30.003828,2026-06-30T03:10:30.950181+00:00,71.6,50,ask,,,136013
2026-06-30T13:10:30.088973,2026-06-30T03:10:31.037706+00:00,71.6,25,ask,,,136014
2026-06-30T13:10:30.299299,2026-06-30T03:10:31.244055+00:00,71.6,25,ask,,,136018
2026-06-30T13:10:30.515015,2026-06-30T03:10:31.462079+00:00,71.5,25,ask,,,136021
2026-06-30T13:10:30.724592,2026-06-30T03:10:31.667480+00:00,71.5,15,ask,,,136026
2026-06-30T13:10:31.423901,2026-06-30T03:10:32.363148+00:00,71.5,44,ask,,,136037
2026-06-30T13:10:32.111182,2026-06-30T03:10:33.059951+00:00,71.5,50,ask,,,136044
2026-06-30T13:10:33.124655,2026-06-30T03:10:34.072962+00:00,71.4,100,ask,,,136060
2026-06-30T13:10:33.136125,2026-06-30T03:10:34.084024+00:00,71.3,25,bid,,,136061
2026-06-30T13:10:33.165637,2026-06-30T03:10:34.106158+00:00,71.3,25,bid,,,136063
2026-06-30T13:10:36.232419,2026-06-30T03:10:37.180893+00:00,71.5,100,bid,,,136106
2026-06-30T13:10:37.815291,2026-06-30T03:10:38.754665+00:00,71.5,46,ask,,,136127
2026-06-30T13:10:38.373721,2026-06-30T03:10:39.318436+00:00,72.0,50,bid,,,136134
2026-06-30T13:10:40.481969,2026-06-30T03:10:41.428861+00:00,71.9,50,bid,,,136167
2026-06-30T13:10:42.641236,2026-06-30T03:10:43.588850+00:00,71.7,50,ask,,,136191
2026-06-30T13:10:46.848401,2026-06-30T03:10:47.797405+00:00,71.7,50,ask,,,136242
2026-06-30T13:10:48.955171,2026-06-30T03:10:49.897901+00:00,71.4,50,ask,,,136262
2026-06-30T13:10:49.273122,2026-06-30T03:10:50.213068+00:00,71.8,40,bid,,,136266
2026-06-30T13:10:51.011309,2026-06-30T03:10:51.955951+00:00,71.8,50,bid,,,136292
2026-06-30T13:10:52.097715,2026-06-30T03:10:53.044232+00:00,71.7,100,ask,,,136304
2026-06-30T13:10:53.118963,2026-06-30T03:10:54.065265+00:00,71.7,50,bid,,,136318
2026-06-30T13:10:55.232201,2026-06-30T03:10:56.176599+00:00,71.9,50,bid,,,136344
2026-06-30T13:10:55.865458,2026-06-30T03:10:56.807348+00:00,71.8,42,ask,,,136356
2026-06-30T13:10:56.364070,2026-06-30T03:10:57.307287+00:00,71.8,40,ask,,,136361
2026-06-30T13:10:57.338407,2026-06-30T03:10:58.285485+00:00,71.9,50,bid,,,136374
2026-06-30T13:10:59.444632,2026-06-30T03:11:00.384379+00:00,72.0,50,bid,,,136401
2026-06-30T13:11:01.552915,2026-06-30T03:11:02.495170+00:00,72.2,50,bid,,,136437
2026-06-30T13:11:02.151919,2026-06-30T03:11:03.102239+00:00,72.1,42,bid,,,136447
2026-06-30T13:11:03.788444,2026-06-30T03:11:04.736164+00:00,71.7,43,ask,,,136463
2026-06-30T13:11:05.762609,2026-06-30T03:11:06.705365+00:00,72.0,50,bid,,,136491
2026-06-30T13:11:05.864617,2026-06-30T03:11:06.814063+00:00,72.0,41,bid,,,136493
2026-06-30T13:11:07.640699,2026-06-30T03:11:08.583011+00:00,71.7,75,ask,,,136509
2026-06-30T13:11:10.074449,2026-06-30T03:11:11.021104+00:00,71.7,25,ask,,,136528
2026-06-30T13:11:10.656606,2026-06-30T03:11:11.600100+00:00,72.0,47,bid,,,136539
2026-06-30T13:11:12.091703,2026-06-30T03:11:13.038358+00:00,72.0,50,bid,,,136554
2026-06-30T13:11:14.247102,2026-06-30T03:11:15.188329+00:00,71.8,50,ask,,,136576
2026-06-30T13:11:14.733291,2026-06-30T03:11:15.678547+00:00,71.8,50,ask,,,136582
2026-06-30T13:11:16.285184,2026-06-30T03:11:17.234043+00:00,71.8,45,ask,,,136597
2026-06-30T13:11:17.842073,2026-06-30T03:11:18.787943+00:00,71.5,44,bid,,,136615
2026-06-30T13:11:18.313759,2026-06-30T03:11:19.257628+00:00,71.5,42,bid,,,136624
2026-06-30T13:11:18.456126,2026-06-30T03:11:19.397614+00:00,71.4,50,ask,,,136629
2026-06-30T13:11:20.561643,2026-06-30T03:11:21.505220+00:00,71.3,50,ask,,,136653
2026-06-30T13:11:20.781394,2026-06-30T03:11:21.724463+00:00,71.3,49,ask,,,136659
2026-06-30T13:11:22.666472,2026-06-30T03:11:23.614244+00:00,71.3,50,ask,,,136679
2026-06-30T13:11:23.734978,2026-06-30T03:11:24.679472+00:00,71.3,100,ask,,,136691
2026-06-30T13:11:24.772642,2026-06-30T03:11:25.723249+00:00,70.8,50,ask,,,136702
2026-06-30T13:11:25.513920,2026-06-30T03:11:26.462163+00:00,71.3,46,bid,,,136715
2026-06-30T13:11:26.637929,2026-06-30T03:11:27.580132+00:00,71.3,4,bid,,,136729
2026-06-30T13:11:26.692379,2026-06-30T03:11:27.635439+00:00,71.5,45,bid,,,136731
2026-06-30T13:11:26.894860,2026-06-30T03:11:27.843876+00:00,71.3,50,ask,,,136733
2026-06-30T13:11:28.085834,2026-06-30T03:11:29.028947+00:00,71.3,4,ask,,,136753
2026-06-30T13:11:29.000295,2026-06-30T03:11:29.946176+00:00,71.3,50,ask,,,136767
2026-06-30T13:11:31.058308,2026-06-30T03:11:32.009705+00:00,71.1,50,bid,,,136785
2026-06-30T13:11:33.224739,2026-06-30T03:11:34.166548+00:00,70.9,50,ask,,,136822
2026-06-30T13:11:33.633610,2026-06-30T03:11:34.579861+00:00,70.9,41,ask,,,136831
2026-06-30T13:11:34.696624,2026-06-30T03:11:35.637572+00:00,71.3,48,bid,,,136844
2026-06-30T13:11:35.353295,2026-06-30T03:11:36.302881+00:00,70.9,9,ask,,,136857
2026-06-30T13:11:35.353295,2026-06-30T03:11:36.302881+00:00,70.8,41,ask,,,136858
2026-06-30T13:11:37.461241,2026-06-30T03:11:38.410982+00:00,71.0,50,ask,,,136883
2026-06-30T13:11:39.568776,2026-06-30T03:11:40.511685+00:00,70.9,50,ask,,,136918
2026-06-30T13:11:41.264979,2026-06-30T03:11:42.208662+00:00,70.9,41,ask,,,136934
2026-06-30T13:11:41.677957,2026-06-30T03:11:42.621976+00:00,70.9,9,ask,,,136943
2026-06-30T13:11:41.677957,2026-06-30T03:11:42.621976+00:00,70.9,41,ask,,,136944
2026-06-30T13:11:42.442275,2026-06-30T03:11:43.384190+00:00,70.9,100,ask,,,136955
2026-06-30T13:11:42.713095,2026-06-30T03:11:43.656465+00:00,70.6,150,bid,,,136957
2026-06-30T13:11:43.789151,2026-06-30T03:11:44.738628+00:00,70.3,50,ask,,,136974
2026-06-30T13:11:45.742724,2026-06-30T03:11:46.684014+00:00,71.1,25,bid,,,136995
2026-06-30T13:11:45.894034,2026-06-30T03:11:46.837594+00:00,70.7,50,ask,,,136998
2026-06-30T13:11:45.950178,2026-06-30T03:11:46.892001+00:00,71.1,25,bid,,,137000
2026-06-30T13:11:46.158708,2026-06-30T03:11:47.098446+00:00,71.1,25,bid,,,137004
2026-06-30T13:11:46.367676,2026-06-30T03:11:47.317342+00:00,71.1,25,bid,,,137012
2026-06-30T13:11:48.015831,2026-06-30T03:11:48.966036+00:00,70.7,50,ask,,,137025
2026-06-30T13:11:49.026804,2026-06-30T03:11:49.968129+00:00,70.9,50,bid,,,137041
2026-06-30T13:11:49.181484,2026-06-30T03:11:50.131064+00:00,70.9,25,bid,,,137044
2026-06-30T13:11:49.390415,2026-06-30T03:11:50.338679+00:00,70.9,25,bid,,,137050
2026-06-30T13:11:49.407687,2026-06-30T03:11:50.349742+00:00,70.9,48,bid,,,137051
2026-06-30T13:11:49.460516,2026-06-30T03:11:50.405045+00:00,70.8,48,ask,,,137052
2026-06-30T13:11:49.599198,2026-06-30T03:11:50.545612+00:00,70.9,2,bid,,,137055
2026-06-30T13:11:49.603195,2026-06-30T03:11:50.545612+00:00,71.3,2,bid,,,137056
2026-06-30T13:11:49.807479,2026-06-30T03:11:50.750978+00:00,71.3,2,bid,,,137058
2026-06-30T13:11:50.012952,2026-06-30T03:11:50.957305+00:00,71.3,2,bid,,,137060
2026-06-30T13:11:50.122054,2026-06-30T03:11:51.066535+00:00,70.8,50,ask,,,137063
2026-06-30T13:11:52.086618,2026-06-30T03:11:53.035203+00:00,71.0,25,bid,,,137091
2026-06-30T13:11:52.294854,2026-06-30T03:11:53.242120+00:00,71.0,17,bid,,,137093
2026-06-30T13:11:54.331915,2026-06-30T03:11:55.277323+00:00,70.8,50,ask,,,137114
2026-06-30T13:11:55.923290,2026-06-30T03:11:56.864403+00:00,70.7,45,ask,,,137131
2026-06-30T13:11:56.438383,2026-06-30T03:11:57.387460+00:00,70.7,50,ask,,,137137
2026-06-30T13:11:57.038477,2026-06-30T03:11:57.985546+00:00,71.2,46,bid,,,137143
2026-06-30T13:11:58.542961,2026-06-30T03:11:59.487811+00:00,70.7,50,ask,,,137164
2026-06-30T13:11:58.730566,2026-06-30T03:11:59.673020+00:00,70.7,42,ask,,,137166
2026-06-30T13:12:02.692559,2026-06-30T03:12:03.635365+00:00,70.8,40,bid,,,137218
2026-06-30T13:12:03.800017,2026-06-30T03:12:04.743211+00:00,70.8,44,bid,,,137231
2026-06-30T13:12:04.538687,2026-06-30T03:12:05.485977+00:00,70.8,66,bid,,,137235
2026-06-30T13:12:04.853827,2026-06-30T03:12:05.800180+00:00,71.0,50,ask,,,137242
2026-06-30T13:12:05.977667,2026-06-30T03:12:06.917649+00:00,71.0,44,ask,,,137257
2026-06-30T13:12:06.613317,2026-06-30T03:12:07.558446+00:00,71.0,45,ask,,,137264
2026-06-30T13:12:06.958748,2026-06-30T03:12:07.907313+00:00,71.0,11,ask,,,137270
2026-06-30T13:12:09.013902,2026-06-30T03:12:09.960196+00:00,70.9,50,bid,,,137291
2026-06-30T13:12:09.727987,2026-06-30T03:12:10.667665+00:00,70.9,49,bid,,,137306
2026-06-30T13:12:11.120099,2026-06-30T03:12:12.068291+00:00,71.3,50,bid,,,137321
2026-06-30T13:12:13.046398,2026-06-30T03:12:13.993240+00:00,71.0,40,bid,,,137339
2026-06-30T13:12:13.227968,2026-06-30T03:12:14.177486+00:00,71.0,50,bid,,,137340
2026-06-30T13:12:15.333597,2026-06-30T03:12:16.275392+00:00,71.2,50,bid,,,137371
2026-06-30T13:12:16.120598,2026-06-30T03:12:17.068907+00:00,70.8,47,ask,,,137386
2026-06-30T13:12:17.089880,2026-06-30T03:12:18.038466+00:00,70.8,48,ask,,,137394
2026-06-30T13:12:17.440762,2026-06-30T03:12:18.387171+00:00,70.9,50,bid,,,137402
2026-06-30T13:12:18.088461,2026-06-30T03:12:19.028484+00:00,70.9,48,bid,,,137407
2026-06-30T13:12:18.643127,2026-06-30T03:12:19.597319+00:00,70.7,45,ask,,,137418
2026-06-30T13:12:19.545671,2026-06-30T03:12:20.485149+00:00,70.9,2,bid,,,137428
2026-06-30T13:12:19.545671,2026-06-30T03:12:20.495778+00:00,71.2,48,bid,,,137429
2026-06-30T13:12:21.652542,2026-06-30T03:12:22.597205+00:00,71.4,50,bid,,,137453
2026-06-30T13:12:23.759014,2026-06-30T03:12:24.707298+00:00,71.6,50,bid,,,137482
2026-06-30T13:12:25.863397,2026-06-30T03:12:26.807568+00:00,71.5,50,bid,,,137501
2026-06-30T13:12:26.012208,2026-06-30T03:12:26.958254+00:00,71.1,48,ask,,,137503
2026-06-30T13:12:27.983912,2026-06-30T03:12:28.927461+00:00,71.4,50,bid,,,137524
2026-06-30T13:12:29.186409,2026-06-30T03:12:30.136102+00:00,71.4,46,bid,,,137540
2026-06-30T13:12:30.090232,2026-06-30T03:12:31.038387+00:00,71.6,50,bid,,,137549
2026-06-30T13:12:30.576669,2026-06-30T03:12:31.517569+00:00,71.1,25,ask,,,137555
2026-06-30T13:12:30.724692,2026-06-30T03:12:31.669628+00:00,71.1,43,ask,,,137558
2026-06-30T13:12:32.194828,2026-06-30T03:12:33.137439+00:00,71.4,50,bid,,,137575
2026-06-30T13:12:34.301182,2026-06-30T03:12:35.250884+00:00,71.4,50,bid,,,137603
2026-06-30T13:12:34.506554,2026-06-30T03:12:35.447129+00:00,71.4,49,bid,,,137605
2026-06-30T13:12:36.005182,2026-06-30T03:12:36.951916+00:00,71.1,150,ask,,,137623
2026-06-30T13:12:36.171445,2026-06-30T03:12:37.114099+00:00,71.1,50,ask,,,137625
2026-06-30T13:12:36.194055,2026-06-30T03:12:37.136224+00:00,71.1,25,ask,,,137627
2026-06-30T13:12:36.401364,2026-06-30T03:12:37.341142+00:00,71.1,25,ask,,,137629
2026-06-30T13:12:36.408539,2026-06-30T03:12:37.352204+00:00,71.6,50,bid,,,137631
2026-06-30T13:12:37.317271,2026-06-30T03:12:38.263889+00:00,70.9,150,bid,,,137645
2026-06-30T13:12:38.175127,2026-06-30T03:12:39.121786+00:00,71.6,40,bid,,,137656
2026-06-30T13:12:38.513938,2026-06-30T03:12:39.458061+00:00,71.6,10,bid,,,137658
2026-06-30T13:12:39.376935,2026-06-30T03:12:40.317373+00:00,71.3,40,ask,,,137667
2026-06-30T13:12:39.379350,2026-06-30T03:12:40.327970+00:00,71.3,60,ask,,,137668
2026-06-30T13:12:39.615947,2026-06-30T03:12:40.558783+00:00,71.2,25,ask,,,137672
2026-06-30T13:12:39.823975,2026-06-30T03:12:40.767167+00:00,71.2,25,ask,,,137675
2026-06-30T13:12:40.032248,2026-06-30T03:12:40.973342+00:00,71.2,25,ask,,,137680
2026-06-30T13:12:40.240566,2026-06-30T03:12:41.191067+00:00,71.2,25,ask,,,137684
2026-06-30T13:12:40.448116,2026-06-30T03:12:41.397442+00:00,71.2,25,ask,,,137686
2026-06-30T13:12:40.620929,2026-06-30T03:12:41.571059+00:00,71.7,50,bid,,,137689
2026-06-30T13:12:41.003516,2026-06-30T03:12:41.944137+00:00,71.7,48,bid,,,137695
2026-06-30T13:12:41.245989,2026-06-30T03:12:42.195333+00:00,71.2,25,ask,,,137703
2026-06-30T13:12:42.745543,2026-06-30T03:12:43.687603+00:00,71.3,50,bid,,,137722
2026-06-30T13:12:44.813712,2026-06-30T03:12:45.755104+00:00,71.1,43,ask,,,137745
2026-06-30T13:12:44.851318,2026-06-30T03:12:45.798437+00:00,71.3,50,bid,,,137747
2026-06-30T13:12:45.907650,2026-06-30T03:12:46.852251+00:00,71.1,100,ask,,,137756
2026-06-30T13:12:46.956993,2026-06-30T03:12:47.906405+00:00,71.1,50,bid,,,137772
2026-06-30T13:12:49.022045,2026-06-30T03:12:49.962356+00:00,71.2,65,ask,,,137801
2026-06-30T13:12:49.061587,2026-06-30T03:12:50.006600+00:00,71.3,50,bid,,,137802
2026-06-30T13:12:49.203135,2026-06-30T03:12:50.147608+00:00,71.3,46,bid,,,137805
2026-06-30T13:12:51.219106,2026-06-30T03:12:52.167401+00:00,71.2,50,ask,,,137834
2026-06-30T13:12:53.324833,2026-06-30T03:12:54.275054+00:00,71.2,50,ask,,,137857
2026-06-30T13:12:53.488388,2026-06-30T03:12:54.437697+00:00,71.2,42,ask,,,137865
2026-06-30T13:12:53.947545,2026-06-30T03:12:54.893220+00:00,71.2,8,ask,,,137869
2026-06-30T13:12:53.947545,2026-06-30T03:12:54.893220+00:00,70.8,33,ask,,,137870
2026-06-30T13:12:54.497477,2026-06-30T03:12:55.446551+00:00,71.3,41,bid,,,137874
2026-06-30T13:12:55.432217,2026-06-30T03:12:56.381152+00:00,70.9,50,ask,,,137887
2026-06-30T13:12:57.064945,2026-06-30T03:12:58.013049+00:00,71.3,45,bid,,,137902
2026-06-30T13:12:57.537452,2026-06-30T03:12:58.478749+00:00,70.9,50,ask,,,137906
2026-06-30T13:12:58.120594,2026-06-30T03:12:59.066630+00:00,70.8,47,ask,,,137912
2026-06-30T13:12:59.641816,2026-06-30T03:13:00.588064+00:00,70.9,50,ask,,,137929
2026-06-30T13:12:59.733447,2026-06-30T03:13:00.676566+00:00,70.9,47,ask,,,137930
2026-06-30T13:13:01.749974,2026-06-30T03:13:02.696161+00:00,70.7,50,ask,,,137960
2026-06-30T13:13:03.500515,2026-06-30T03:13:04.447878+00:00,71.0,25,bid,,,137981
2026-06-30T13:13:03.855578,2026-06-30T03:13:04.796185+00:00,70.7,50,ask,,,137983
2026-06-30T13:13:04.333604,2026-06-30T03:13:05.274431+00:00,71.0,40,bid,,,137990
2026-06-30T13:13:04.710083,2026-06-30T03:13:05.654050+00:00,70.9,25,bid,,,137993
2026-06-30T13:13:05.816360,2026-06-30T03:13:06.763093+00:00,70.9,43,bid,,,138009
2026-06-30T13:13:05.965058,2026-06-30T03:13:06.915102+00:00,70.8,50,ask,,,138011
2026-06-30T13:13:10.174042,2026-06-30T03:13:11.119577+00:00,70.4,50,ask,,,138063
2026-06-30T13:13:11.818670,2026-06-30T03:13:12.768385+00:00,70.8,43,bid,,,138079
2026-06-30T13:13:14.332136,2026-06-30T03:13:15.277301+00:00,70.9,50,bid,,,138099
2026-06-30T13:13:16.740784,2026-06-30T03:13:17.691376+00:00,70.9,25,bid,,,138131
2026-06-30T13:13:16.950037,2026-06-30T03:13:17.900225+00:00,70.9,25,bid,,,138134
2026-06-30T13:13:17.158875,2026-06-30T03:13:18.109253+00:00,70.9,25,bid,,,138138
2026-06-30T13:13:17.271935,2026-06-30T03:13:18.218751+00:00,70.9,100,bid,,,138141
2026-06-30T13:13:17.368268,2026-06-30T03:13:18.318019+00:00,70.9,25,bid,,,138143
2026-06-30T13:13:17.592201,2026-06-30T03:13:18.537892+00:00,71.3,25,ask,,,138145
2026-06-30T13:13:17.803176,2026-06-30T03:13:18.747260+00:00,71.3,25,ask,,,138152
2026-06-30T13:13:18.012366,2026-06-30T03:13:18.956387+00:00,71.3,25,ask,,,138156
2026-06-30T13:13:18.231751,2026-06-30T03:13:19.187144+00:00,71.3,25,ask,,,138158
2026-06-30T13:13:18.437902,2026-06-30T03:13:19.385598+00:00,71.3,45,ask,,,138161
2026-06-30T13:13:18.441588,2026-06-30T03:13:19.385598+00:00,71.3,5,ask,,,138162
2026-06-30T13:13:20.674151,2026-06-30T03:13:21.621595+00:00,71.2,50,bid,,,138203
2026-06-30T13:13:22.846086,2026-06-30T03:13:23.787756+00:00,70.7,50,ask,,,138230
2026-06-30T13:13:23.741225,2026-06-30T03:13:24.688580+00:00,70.4,44,ask,,,138244
2026-06-30T13:13:29.162470,2026-06-30T03:13:30.104139+00:00,70.6,50,ask,,,138305
2026-06-30T13:13:30.180525,2026-06-30T03:13:31.130749+00:00,70.7,25,bid,,,138314
2026-06-30T13:13:30.793036,2026-06-30T03:13:31.733853+00:00,70.7,40,bid,,,138327
2026-06-30T13:13:31.217833,2026-06-30T03:13:32.162854+00:00,70.7,50,bid,,,138337
2026-06-30T13:13:32.319948,2026-06-30T03:13:33.264854+00:00,70.7,35,bid,,,138345
2026-06-30T13:13:32.393884,2026-06-30T03:13:33.341854+00:00,70.8,25,bid,,,138348
2026-06-30T13:13:32.603288,2026-06-30T03:13:33.550854+00:00,70.8,25,bid,,,138352
2026-06-30T13:13:32.811583,2026-06-30T03:13:33.761854+00:00,70.8,25,bid,,,138357
2026-06-30T13:13:33.388730,2026-06-30T03:13:34.344853+00:00,71.0,50,ask,,,138367
2026-06-30T13:13:33.638375,2026-06-30T03:13:34.586854+00:00,71.0,25,ask,,,138374
2026-06-30T13:13:33.851414,2026-06-30T03:13:34.795853+00:00,71.0,25,ask,,,138379
2026-06-30T13:13:34.065236,2026-06-30T03:13:35.015853+00:00,71.0,25,ask,,,138385
2026-06-30T13:13:34.278678,2026-06-30T03:13:35.224855+00:00,71.0,25,ask,,,138390
2026-06-30T13:13:35.291569,2026-06-30T03:13:36.235465+00:00,70.7,43,ask,,,138408
2026-06-30T13:13:37.609354,2026-06-30T03:13:38.556269+00:00,70.3,50,ask,,,138442
2026-06-30T13:13:37.939991,2026-06-30T03:13:38.884789+00:00,70.6,41,bid,,,138448
2026-06-30T13:13:38.556238,2026-06-30T03:13:39.500863+00:00,70.3,46,ask,,,138454
2026-06-30T13:13:39.472200,2026-06-30T03:13:40.420985+00:00,70.4,100,bid,,,138461
2026-06-30T13:13:41.059731,2026-06-30T03:13:42.001690+00:00,70.7,40,bid,,,138482
2026-06-30T13:13:41.474626,2026-06-30T03:13:42.427968+00:00,70.7,65,bid,,,138487
2026-06-30T13:13:41.539076,2026-06-30T03:13:42.494246+00:00,70.7,25,bid,,,138490
2026-06-30T13:13:41.748499,2026-06-30T03:13:42.702774+00:00,70.7,20,bid,,,138494
2026-06-30T13:13:42.743902,2026-06-30T03:13:43.695013+00:00,71.0,100,bid,,,138515
2026-06-30T13:13:42.805943,2026-06-30T03:13:43.750012+00:00,71.1,50,ask,,,138517
2026-06-30T13:13:43.868064,2026-06-30T03:13:44.810252+00:00,71.6,50,bid,,,138523
2026-06-30T13:13:44.569126,2026-06-30T03:13:45.509543+00:00,70.5,46,ask,,,138530
2026-06-30T13:13:45.974115,2026-06-30T03:13:46.920494+00:00,71.0,50,bid,,,138542
2026-06-30T13:13:48.081542,2026-06-30T03:13:49.031496+00:00,71.0,50,bid,,,138578
2026-06-30T13:13:48.631054,2026-06-30T03:13:49.581574+00:00,71.0,47,bid,,,138585
2026-06-30T13:13:49.180100,2026-06-30T03:13:50.127688+00:00,70.7,25,ask,,,138596
2026-06-30T13:13:51.373600,2026-06-30T03:13:52.324694+00:00,70.7,42,ask,,,138629
2026-06-30T13:13:52.341727,2026-06-30T03:13:53.288103+00:00,70.7,50,ask,,,138641
2026-06-30T13:13:54.398264,2026-06-30T03:13:55.344015+00:00,71.1,50,bid,,,138671
2026-06-30T13:13:54.689476,2026-06-30T03:13:55.637625+00:00,71.1,47,bid,,,138676
2026-06-30T13:13:55.285832,2026-06-30T03:13:56.227715+00:00,71.0,47,ask,,,138684
2026-06-30T13:13:55.928277,2026-06-30T03:13:56.871334+00:00,71.0,43,ask,,,138688
2026-06-30T13:13:56.000073,2026-06-30T03:13:56.947624+00:00,71.0,10,ask,,,138691
2026-06-30T13:13:56.503231,2026-06-30T03:13:57.452550+00:00,71.1,50,bid,,,138709
2026-06-30T13:13:58.608495,2026-06-30T03:13:59.551224+00:00,71.2,50,bid,,,138736
2026-06-30T13:13:59.843412,2026-06-30T03:14:00.794905+00:00,70.8,25,ask,,,138748
2026-06-30T13:14:00.051108,2026-06-30T03:14:00.991957+00:00,70.8,25,ask,,,138753
2026-06-30T13:14:00.259647,2026-06-30T03:14:01.200011+00:00,70.8,5,ask,,,138758
2026-06-30T13:14:04.974361,2026-06-30T03:14:05.914595+00:00,70.7,50,ask,,,138811
2026-06-30T13:14:07.078877,2026-06-30T03:14:08.028091+00:00,70.7,50,ask,,,138841
2026-06-30T13:14:08.299033,2026-06-30T03:14:09.243592+00:00,70.8,44,bid,,,138860
2026-06-30T13:14:09.183619,2026-06-30T03:14:10.127711+00:00,70.3,50,ask,,,138872
2026-06-30T13:14:10.011567,2026-06-30T03:14:10.959816+00:00,70.8,44,bid,,,138882
